,Column Name,Unique Values,% Not NaN,Unique Values List
21,Total no of Pieces,133,100.0,"['34', '78', '12', '15', '62', '8', '42', '26', '46', '84', '104', '10', '48', '55', '4', '2', '80', '94', '64', '120', '50', '20', '30', '52', '21', '5', '88', '144', '70', '54', '1', '36', '6', '60', '32', '68', '24', '11', '40', '37', '56', '208', '76', '132', '28', '45', '96', '216', '66', '18', '156', '124', '192', '14', '22', '112', '47', '140', '38', '186', '108', '85', '17', '86', '16', '100', '3', '49', '128', '51', '27', '58', '168', '75', '126', '176', '72', '9', '74', '82', '148', '43', '35', '13', '90', '44', '71', '138', '224', '19', '162', '180', '7', '172', '114', '152', '59', '39', '92', '25', '222', '130', '29', '81', '23', '79', '240', '256', '53', '102', '250', '234', '0', '200', '166', '31', '202', '63', '67', '160', '150', '228', '198', '33', '57', '83', '116', '87', '204', '41', '164', '220', '136']"
25,Brand,162,100.0,"['Champs', 'Pampers', 'Doobidoo', 'Huggies', 'Padycare', 'MamyPoko', ""Little's"", 'bummy pants', 'FRIENDS', 'TEDDYY', 'kogar', 'smart hygeia', 'SHIELD', 'MEDIMAF by MAFATLAL', 'NESTURA', 'Extra Care', 'KareIn', 'babyhug', 'Liberty', 'Dabur', 'HONEY BUNNY', 'SHi', 'credebs', 'Kiddle Care', 'fixel', 'TEDDY EASY', 'Wowper', 'snuggy', 'Cuddles - Super Pants', 'Alfaby', 'lyficare', 'MYLO', 'BUMTUM', 'LuvLap', 'lyfcare', 'Little Smile', 'hamzu', 'Soft Touch', 'Oyo Baby', 'Bambo Nature', 'HIMALAYA', 'ELDURO', 'Spoffy', 'R for Rabbit', 'Little Angel', 'BUGA BOO', 'KANGAROO', 'Pro-ease', 'LUV', 'MOMMY BUG', 'NOVEL', 'MOMSCAPE', 'shubhcollection', 'Dabur Baby', 'Chinmay Kids', 'TOBY', 'LIFREE', 'MAMY POKO', 'Duggu', 'Ozemi', 'Saheli Care', 'nappico', 'Mamy poko', 'Profecto', 'NOLIQS', 'HUSKUS', 'Pamper', 'Coo Coo', 'Morisons Baby Dreams', 'niine', 'CRUMPY', 'Taido', 'Senkiddpro', 'KiddySoft', 'A Care Touch', 'babelois', 'KINDFIT', 'Ghoba', 'CIR', 'WINREYAL', 'B-FIT', 'MAMY POKO PANTS', 'ABSORBIA', 'Jr. Sr.', 'flockidos', 'PH TIDY', 'RAREGEAR', 'Buddsbuddy', 'TINNY TOTS', 'TODDLES', 'Alya', 'Romsons', 'noliqs', 'Pomee buzz', 'HUGGIES', 'BABLU DABLU', 'soft & secure', 'MyGuard', 'flodent', 'Baby Hashtag', 'SMILEPAD', 'DM STARSAFTY', 'BUMMY PANTS', 'Mothercare', 'SOLIDA', 'Fabie Baby', 'Smoky', 'alizee', 'Kare Med', 'meet novelty', 'PUREBORN', 'Poppy', 'POOKIE PIE', ""Super Cute's"", 'Wellstar', 'MeeMee', 'DIGNITY', 'Ezoyplus', 'Flodent', 'The Little Lookers', 'AGS ACTIVE', 'Jaydison', 'Bembika', 'pampers', 'huggies', 'Babum', 'poppy', 'mamy poko', 'BUTTIES', 'Mogypogy', 'DGARYS', 'kurmi', 'Mamypoko', 'Shopping Slang', 'Khatola Enterprises', 'Bellissimo', 'doobidoo', 'Staysure', 'LITTLE ANGEL', 'Pingger', 'M Z SOFT', 'Kim & Kimmy', 'YOUNICK', ""Salma's Tinytots"", 'MAABBY', 'babywrap', 'free ways', 'BELLA BABY HAPPY', 'Jaicox', 'PAMPERS', 'Lissa Care', 'CHILD CHIC', 'NANO', 'MOONBUG', 'thegenius', 'Honey baby', 'Firsthug', 'Arzee', ""Tip 'n' Top"", 'Mamy Poko', 'Chuchumama', 'Junior Bunny']"
29,Ideal For,2,100.0,"['Kids', 'Adults']"
28,Type,4,100.0,"['Pant Diapers', 'Tape Diapers', 'Adult Diapers', 'Disposable Diapers']"
27,Size,14,100.0,"['L', 'XL', 'S', 'M', 'L - XL', 'XXL', 'XXXL', 'New Born', 'XS', 'S - M', 'M - L', 'Premature', 'XXL - XXXL', 'XL - XXL']"
36,Net Quantity,133,100.0,"['34', '78', '12', '15', '62', '8', '42', '26', '46', '84', '104', '10', '48', '55', '4', '2', '80', '94', '64', '120', '50', '20', '30', '52', '21', '5', '88', '144', '70', '54', '1', '36', '6', '60', '32', '68', '24', '11', '40', '37', '56', '208', '76', '132', '28', '45', '96', '216', '66', '18', '156', '124', '192', '14', '22', '112', '47', '140', '38', '186', '108', '85', '17', '86', '16', '100', '3', '49', '128', '51', '27', '58', '168', '75', '126', '176', '72', '9', '74', '82', '148', '43', '35', '13', '90', '44', '71', '138', '224', '19', '162', '180', '7', '172', '114', '152', '59', '39', '92', '25', '222', '130', '29', '81', '23', '79', '240', '256', '53', '102', '250', '234', '0', '200', '166', '31', '202', '63', '67', '160', '150', '228', '198', '33', '57', '83', '116', '87', '204', '41', '164', '220', '136']"
22,No of Diapers Per Pack,169,99.95180722891567,"['34', '78', '12', '86', '62', '4', '42', '26', '64', '52', '10', '24', '53', '2', '1', '40', '94', '30', '50', '20', '88', '48', '22', '70', '54', '3', '21', '60', '32', '36', '84', '41', '38', '14', '16', '56', '14, 48', '208', '76', '96', '5', '8', '36, 36, 36', '66', '18', '28', '192', '44', '7, 7', '42, 42', '11', '17', '32, 32', '112', '108', '13', '15', '31', '51', '82', '14, 14', '34, 34', '58', '72', '14, 14, 14', '6', '20, 20, 20, 20', '9', '74', '79', '186', '16, 16', '24, 24', '128', '43', '34, 1', '7', '46', '10, 10, 10', '120', '24, 19', '0', '42, 7', '90', '68', '48, 48', '114', '61', '17, 17', '29', '47', '168', '80', '22, 22', '50, 80', '132', '48, 14', '81', '8, 8, 8', '23', '37', '40, 40, 40', '62, 62, 62', '55', '25', '10, 10, 10, 10, 10', '36, 36', '35', '148', '152', '32, 33, 32', '30, 30', '71', '57', '45', '66, 34', '156', '100', '4, 4, 4', '20, 20, 20', '10, 10', '12, 40', '33', '10, 10, 10, 10, 10, 10', '256', '83', '56, 34', '39', '180', '49', '150', '30, 30, 30', '124', '75', '19', '126', '228', '116', '13, 13', '104', None, '30, 64', '64, 60', '172', '87', '63', '144', '14, 4', '56, 56, 56', '75, 75', '216', '13, 13, 13', '7, 7, 7, 7', '92', '76, 72', '10, 10, 10, 10', '7, 7, 7', '4, 4, 4, 4, 4', '162', '4, 4, 4, 4', '32, 32, 32', '6032', '164', '17, 17, 17, 17', '20, 20', '4, 4, 4, 4, 4, 4', '222', '5, 5', '5, 5, 5, 5', '30, 4']"
23,Set of,38,99.95180722891567,"['1', '2', '4', '3', '6', '9', '5', '84', '70', '8', '12', '32', '43', '100', '42', '30', '25', '80', '7', '10', '40', '60', '35', '45', '68', '38', '50', '24', '64', '34', '78', '76', None, '46', '36', '72', '15', '20', '48']"
41,Maximum Shelf Life,22,74.12048192771084,"['24 Months', '36 Months', None, '60 Months', '1095 Days', '35 Months', '1076 Days', '99 Months', '1030 Days', '37 Months', '46 Months', '100 Months', '1080 Days', '36', '96 Months', '57 Months', '39 Months', '120 Months', '12 Months', '23 Months', '48 Months', '34 Months', '730 Days']"
40,Washable,2,64.86746987951807,"['No', None, 'Yes']"
37,Closure Type,5,59.95180722891567,"['Elastic Waistband', None, 'Reusable Side Tabs', 'Button Waist', 'Adhesive Band', 'Velcro Strap']"
35,Compatible Baby Weight,104,52.04819277108433,"['9 - 14 kg', None, '12 - 17 kg', '8 - 14 kg', '4 - 8 kg', '6 - 11 kg', '7 - 12 kg', '2 - 15 kg', '2 - 14 kg', '2 - 16 kg', '12 - 18 kg', '12 - 20 kg', '4 kg', '40 - 70 kg', '1 - 3 kg', '12 - 25 kg', '3 - 8 kg', '18 - 35 kg', '8 - 12 kg', '0 - 5 kg', '8 - 15 kg', '- 8 kg', '9 - 13 kg', '15 - 25 kg', '3 - 6 kg', '7 kg', '12 kg', '5 - 9 kg', '10 - 15 kg', '7 - 14 kg', '1 - 5 kg', '15 - 24 kg', '5 - 11 kg', '1 - 20 kg', '40 - 80 kg', '- 12 kg', '2 - 5 kg', '0 - 20 kg', '2 - 12 kg', '18 - 26 kg', '1 - 15 kg', '1 - 17 kg', '0 - 17 kg', '18 kg', '16 - 20 kg', '14 - 17 kg', '21 - 17 kg', '18 - 24 kg', '3 - 18 kg', '5 - 17 kg', '0 - 4 kg', '- 14 kg', '4 - 5 kg', '2 - 6 kg', '15 - 20 kg', '3 - 13 kg', '3 - 14 kg', '13 - 16 kg', '13 - 17 kg', '5 - 5 kg', '5 - 12 kg', '3 - 17 kg', '1 - 4 kg', '12 - 15 kg', '- 5 kg', '5 - 7 kg', '4 - 7 kg', '- 15 kg', '3 - 16 kg', '15 - 23 kg', '9 - 12 kg', '3 - 5 kg', '14 - 18 kg', '13 kg', '12 - 12 kg', '4 - 6 kg', '1 - 6 kg', '3 - 15 kg', '2 - 8 kg', '3 - 9 kg', '14 - 24 kg', '247 - 17 kg', '- 18 kg', '- 45 kg', '6 kg', '4 - 14 kg', '0 - 7 kg', '9 - 24 kg', '20 - 100 kg', '0 - 0 kg', '14 - 20 kg', '5 - 8 kg', '9 kg', '18 - 28 kg', '2 - 7 kg', '3 - 7 kg', '12 - 16 kg', '0 - 24 kg', '13 - 20 kg', '4 - 15 kg', '10 - 40 kg', '2 kg', '10 - 20 kg', '10 - 14 kg', '9 - 18 kg']"
38,Effective Duration,138,49.3012048192771,"['Up to 12 Hours Absorption', None, 'Up to 12 hours', 'Up To 12 Hours', '10-12 hours', 'Up To 8 Hours', '12 hrs', '3-4 hour', 'UP TO 12 HOURS', '12 hours', 'upto 12 Hours', 'up to 12 hours', 'Up to 12 Hours', '12 HOURS', 'UPTO 12 HOURS', 'Up to 10 hours', '12 Hours', 'upto 12 hours', 'Upto 12 Hours', 'Up to 10 Hours', 'UPTO 12 HOURS ABSORPTION', 'UPTO 8-10 HOURS', '12', 'up to 12 Hours', 'Up to 12 Hrs', '3 Years from the date of manufacturing', '8 Houre', '12 Hours Protection', 'Upto 12 Hours Protection', '40 hours', '10 Hours', 'Up to 12 hrs', 'Upto 6 hours', '8', '24', 'Upto 10 Hours', '10', 'Upto 8 Hours', '12Hours', '2', '8 Hours protection', 'UPTO 8 HOURS', '12 hours Dryness', '44 hours', 'UPTO 10 HOURS', 'UPTO 10-12HOURS', 'upto 12 hour', '12HRS', 'Upto 12 hours', '49 hours', '3 TO 5 HRS', '10 hours', '12 Hrs', 'up to 10 hours', '35 hours', '6 Hours', '10 TO 12 HRS', 'up to 12 hourss', 'NA', '3 Years from the date of manufacturing.', 'Upto 12 House', '12hrs', '6-7 Hours', '99', '42 hours', '25 hours', 'Up to 12hrs Protection', 'LONG LASTING : The inserts are highly absorbent and will keep your baby dry for a minimum of 4-5 hrs.', '2-3 Hours depending upon the urination pattern of the baby', '8 Hours', 'Last Up To 10 Hours', '26 hours', 'up to 12 hour', '31 hours', '10-12 hrs', '12 House', '10 HOURS', '4', '4-6 Hours', 'up to 12hrs', '12 Hour', '5 HOURS', '6 to 12 hours', 'UP TO 10 HOURS', '56 hours', 'UPTO 10-12 HOURS', 'upto 12hrs', '77 hours', '72 hours', '32 hours', 'Upto 10 Hours*', 'Upto 10-12 Hours Absorption', '18 hours', '8 hours', '36 Months', '4 Hours', '23 hours', 'Up to 10-12 Hours', 'Up to 12 Hour', '36 hours', '6-8 hours', '47 hours', '12 hour protection', 'Upto 16 Hours', '48 hours', 'upto 8 hours', 'UPTO 12HRS.', '16 hours', '43 hours', 'Up to 14 Hours', '55 hours', 'N/A', '10 to 12 Hours', 'Up to 16 Hours', 'up to 12 hrs', 'Up to 12 hrs Absorption', 'upto 10 hours', 'Up to 12 Hours with leakage technology', 'All round protection', '15 hours', 'Up to 12 Hours Protection', '12 HURS', '52 hours', 'Up tp 10 Hours', '24 hours', '3 TO 5 HOURS', 'Lasts for upto 10 hours', '57 hours', '3 - 4 Hours', '8-10 HOURS', '14', 'UP TO 12 HRS', '12 HOUES', '59 hours', '12 hOURS', '10-12 Hours', '20 hours', '12 Hours Absorbtion', '74 hours']"
24,Sales Package,491,46.69879518072289,"['34 Diapers', None, '12 diaper pants', '1', '42 Pcs Per Pack', '10 Pull Up Pants', '42 Diapers', '1 diaper set', '2 diaper +2 insert', '1 diaper +1 insert', '80 diaper pants', 'diaper', 'Adult Diaper', 'Diaper', 'Pack of 3 144 Pieces', '50 NOS OF DIAPERS', '42 pcs large diaper', 'PACK OF 1', '3 diaper +3 insert', 'Baby Diapers', '2', '4 diaper +4 insert', '50 Large Size Anti Rash Baby Diaper', 'LARGE SIZE 54PCS DAIPERS', '32 diaper pants', '56 Diapers in Pack 1', '62 Diaper Pants', 'Pack of 4 208 Pieces', '45 PCS MEDIUM SIZE DIAPER', 'Diaper Pants', 'Set of 1 pack ( total 54 diapers )', '48 Pcs', '66 Diapers', 'Pack of 1', 'Fresh Baby Diaper Pants | Wetness Indicator | Upto 12 Hrs Absorption | 4-8 Kg - S (156 Pieces)', 'Adult Diapers', 'Pack of 1 (36 Units)', '54 Premium Baby Diaper Pants', 'Cuddles Super Pants Combo Pack - Large(62*2)', '80 PCS SMALL SIZE DIAPER', 'Fresh Baby Diaper Pants | Wetness Indicator | Upto 12 Hours Absorption | Size L | 9-14Kgs | L (62 pieces)', '14 diaper pants', '2 PACKS CONTAINING A TOTAL OF 84 BABY PANTS IN SMALL SIZE FOR BABY WEIGHT 4-8 KGs.', 'Baby Disposable Diaper Pants', 'Baby Pull-Up Diaper Pants – Large 186 Pieces pack of 3', 'pack of 2', 'Pack of 1 (54 Units)', 'Adult Pant Diaper', 'Baby Pull-Up Diaper Pants – X-Large 108 Pieces pack of 2', '5 PACKS CONTAINING A TOTAL OF 85 DIAPER PANTS IN XL SIZE', 'Pack of 1 ( 56 Units)', '48 Diaper pants', '64 PCS MEDIUM SIZE DIAPER', 'Pack of 3', 'Fresh Baby Diaper Pants | Size XL | 14-17 Kgs Baby | XL (56 Pieces)', '100 NOS OF DIAPERS', 'Pack of 2 Dispossible Diaper', 'L size Pack of 2 total 64 Pants', 'Pack of 1 ( 66 Units)', '108 Piece of baby diaper', 'Pack of 1 x 54 Extra Large Diapers', '3 PACKS CONTAINING A TOTAL OF 30 DIAPERS IN MEDIUM SIZE FOR WAIST SIZE 30-40 INCHES', '1 pack of baby diaper for baby and free 1 pack of tissue', '51 Units of Baby Diaper Pants', '78 diaper pants', 'RSPL LTD INDIA', '56', '5', 'Adult Diaper-Large 10 pieces pack of 12', '168 diaper pants', '6', '10 Diapers', 'diapers', 'Pack of 2', '8 PACKETS CONTAINING A TOTAL OF 176 BABY DIAPERS IN XS SIZE FOR NEW BORN BABIES', '2 pack diaper', '16 diaper pants', '186 Diaper', '80 diapers', '2 packet', 'Baby Pull-Up Diaper Pants – Medium 216 pieces pack of 3', '120 diaper pants', 'Wowper Fresh Baby Diaper Pants | Wetness Indicator | Upto 12 Hrs Absorption | 15-25 Kg - XXL (96 Pieces)', 'Packet', '3 PACK OF 42 BABY DIAPERS OF 9-14 KG', '24 DIAPERS XS SIZE', '4', '2 PACKS CONTAINING TOTAL 96 DIAPER PANTS IN LARGE SIZE', '22 PCS EXTRA SMALL SIZE DIAPER', '56 Diapers in 1Pack', 'Diper pant 40', 'Set of 4 pack ( total 216 diapers )', 'Pack of 1 ( 74 Units)', 'Premium Tape Style Adult Diapers', '24 Units of Baby Diaper Pants', '64 Diapers', 'Baby Pull-Up Diaper Pants – Small 156 Pieces pack of 2', '40 daiper pants', '76', '6 WET FREE WHITE COLOUR MICRO FIBER INSERT PADS', '1 pack of baby diaper for baby comfort', '72', '46 Units of Baby Diaper Pants', '26 diapers', '192 Diaper Pants', 'Pack of 6', '1 pack of 48 diapers', 'Fresh Baby Diapers Pants | Wetness Indicator | Upto 12 Hrs Absorption |4-8 Kg - S (68 Pieces)', 'Baby Pull-Up Diaper Pants – Large 124 pieces pack of 2', '18 diaper pants', '10 Diapers X 3 = 30 Diapers', '30 Count (Pack of 2)', 'Pack of 1 Super Pants - New Born (36 Count)', '10 Underpads', '6 PACKS CONTAINING A TOTAL OF 78 DIAPER PANTS IN LARGE SIZE', '152Pc Diapers', '4 Diaper', 'HUGGIES DIAPER SMALL SIZE 42 PIECE', 'Diapers', 'Fresh Baby Diapers Pants | Upto 12 Hrs Absorption | 0-5 Kg - New Born (28 Pieces)', '1 Pcs of Baby Diaper with Insert', '24', 'usefull', 'Pack of 1 Super Pants XXL (42 Count)', 'Diper pant 80', '54 Diaper Pants', '24 diaper in a packet', 'Pack Of 1', 'Mamy Poko Pant Extra absorb S-60', '1 pack diper and free baby tissue packs', '20 piece', '1 pack of baby diaper for you select size', 'Wowper Fresh Baby Diaper Pants | Wetness Indicator | Upto 10 Hrs Absorption | 7-12 Kg - M (108 Pieces)', '1 Pack of Premium Adult Daper Pants (10 Pieces)', '48 Pants in Pack 2', '1 pack of baby diaper for your selected size', 'Premium Diaper Pants | Upto 12 Hrs Absorption | 14-17 Kg - XL (56 Pieces)', '76 Diaper Pants', '1 PACKET CONTAINING A TOTAL OF 52 BABY DIAPERS IN LARGE SIZE FOR BABY WEIGHT 8-14 KGs.', '30 Diapers in Pack 1', 'Pack of 1 32 Pieces', '180 Pants (Combo of 6)', '22', '50 diapers', '186 Pcs Per Pack', '1 Green and 1 Purple Diaper', '2 X 10 Piece Diapers', '81 Pieces of large diaper Pants', '84 Pcs', 'Pack Of 1, 40 diapers', '56 Diapers in Pack 2', '126 pcs', '3 PACKS CONTAINING A TOTAL OF 234 TAPED DIAPERS FOR BABY WEIGHT 9-14 KGS..LARGE SIZE', 'Baby Pants', '4 PACKETS CONTAINING A TOTAL OF 120 BABY DIAPERS IN LARGE SIZE FOR BABY WEIGHT 8-14 KGs.', 'Diper pant 108', '40 PCS LARGE SIZE DIAPER', '108 PCS', '1 Bag contains 54 Pant Diapers Size: Medium', 'Pack of 4 128 Pieces', 'Wowper Fresh Baby Diaper Pants | Wetness Indicator | Upto 12 Hrs Absorption | 7-12 Kg - M (144 Pieces)', '1 Baby Dipaer', 'Pack of 2 108 Pieces', '144Pc Diapers', '34 diaper pants', '3 PACKS DIAPERS CONTAINING A TOTAL OF 72 PCS IN XS SIZE FOR NEW BABY UPTO 5 KGS WEIGHT', '4 PIECES', '4 X Baby Reusable Button Snap Diapers, 4 X Baby Charcoal Diaper Liner (5 Layered)', 'Cuddles Super Pants Combo Pack - Medium (74*2)', '1 Baby Reusable Button Snap Diaper(PINK)', 'Fresh Baby Diaper Pants | LARGE | WETNESS INDICATOR | Upto 12 hrs Absorption | 9-14 Kgs | 30 diapers.', '4 unit', 'Poochie Play Pants L (Pack of 2)', 'poly bag or pouch', '6 PACKETS CONTAINING A TOTAL OF 132 BABY DIAPERS IN XS SIZE FOR NEW BORN BABIES', '3 PACKETS CONTAINING A TOTAL OF 180 BABY DIAPERS IN MEDIUM SIZE FOR BABY WEIGHT 5-11 KGs.', 'L size Pack of 8 total 256 Pants', '62 Diapers in Pack 3', 'Baby Pull-Up Diaper Pants – L 55 pieces pack of 1.', '50 PCS MEDIUM SIZE DIAPER', '60', '56074', '124 Diaper Pants', '96 diaper pants', '112 diaper pants', '1 PACK CONTAINING A TOTAL OF 32 BABY PANTS IN LARGE SIZE FOR BABY WEIGHT BETWEEN 9-14 KGs', '78 Premium Baby Diaper Pants', 'Adult Diaper-Medium 10 pieces pack of 2', '104 diaper pants', '2 PACKETS CONTAINING A TOTAL OF 60 BABY DIAPERS IN LARGE SIZE FOR BABY WEIGHT 8-14 KGs.', '1 pack', '2 Diaper and 2 Insert', '100 baby diapers', '240 Diaper Pants', '60 Diapers', '250 baby diapers', 'Pack of 4 216 Pieces', 'Baby Pull-Up Diaper Pants – Small 234 Pieces pack of 3', 'Stretchable Thigh Support, Prevents Thigh Gaps, Baby Diapers, Easy To Wear, Advanced Dry Touch Sheet', 'Fresh Baby Diaper Pants | Wetness Indicator | Upto 12 Hrs Absorption | 15-25 Kg - XXL (48 Pieces)', '2 PACK OF 32 DIAPERS EACH', 'Pack of 4', 'L size Pack of 1 52 Diapers', '42', '50', '2 Packs of 90 Diapers', '56 diaper pants', 'HUGGIES DIAPERS XL- 24 PIECES', 'S-22 (PACK OF 4) TOTAL 88 DIAPERS', '3 Plain Cloth Diaper with 3 Insert 5 layer', '2 cloth diaper/ 2 insert pad', '200 Diaper Pants', '34 Count (Pack of 1)', '3 Diaper and 3 Insert', '35 PCS EXTRA LARGE SIZE DIAPER', '60 diapers', '74 Diapers in Pack 1', 'L size Pack of 6 total 192 Pants', 'pack of 1 (84 Diaper)', 'Baby Pull-Up Diaper Pants – Small 78 pieces pack of 1', '3', '30', 'Small Diapers (148 Count)', 'Pack of 1 (28 Units)', 'Cuddles Super Pants Combo Pack - Small (78*2)', '132 diaper pants', 'Baby Pull-Up Diaper Pants – Medium 144 Pieces pack of 2', '96 PCS EXTRA LARGE DIAPER', '71 Pieces of LARGE diaper Pants', '56 Pcs Per Pack', '100', '3 DIAPER AND 3 INSERTS', 'large size - 64 pieces', '1 PACK OF LARGE SIZE BABY DIAPERS', '2 PACKS diaper', '30 Pack of 1', '10 packets of 5pc NB Diapers', 'Baby Pull-Up Diaper Pants – Medium 216 Pieces pack of 3', 'Baby Pull-Up Diaper Pants – Large 186 pieces pack of 3', 'Pack of 1 ( 62 Units)', '10 Pull Up Pants X 3 = 30 Pull Up Pants', '1 UNIT', '166 diaper pants', '6 PACKS CONTAINING A TOTAL OF 60 DIAPERS IN MEDIUM SIZE FOR WAIST SIZE 30-40 INCHES', '2 diaper 2 insert', '1 Orange and 1 Yellow Diaper', 'Pack Of 3, 120 diapers', 'XS-10 PACK OF 3 10 PCS EACH PACK', '128 Diapers', '120 PCS SMALL SIZE DIAPER', '6 PACKS CONTAINING A TOTAL OF 96 DIAPER PANTS IN MEDIUM SIZE', 'Pack of 1 (34 Units)', '30 PCS LARGE SIZE DIAPER', '100 Pcs of Baby Diaper - M', 'Baby Diaper', '90 DIAPERS FOR NEW BORN BABY', 'Adult Diapers Taped', '32 diapers', '1. To wear - Pull up the diaper like pants. 2. To remove - simply tear off both sides and pull the diaper down.', 'Baby Pull-Up Diaper Pants – Large 50 pieces pack of 1.', '104 Diaper Pants', 'kids diaper pants', '62 Diapers in Pack 1', '30 Pcs in Pack of 3', '40 PCS SMALL SIZE DIAPER', 'Baby Pull-Up Diaper Pants – Large 124 pieces pack of 2.', 'Pack of 8 256 Pieces', '1 pack diaper', '86', '26 diaper pants', '1 diapers', 'Fresh Baby Diaper Pants | Size M | 7-12 Kgs | Pack of 72 diapers', 'Baby Pull-Up Diaper Pants – X-Large 54 pieces pack of 1.', '68', '42 Pcs', 'Diper pant 100', 'Baby Pull-Up Diaper Pants – Large 62 pieces pack of 1', '12 PACKS CONTAINING A TOTAL OF 156 DIAPER PANTS IN LARGE SIZE', '3 Packet small size diaper of Mamy Poko Pants contains 40 diapers each', '100 Pcs of Baby Diaper - S', '6 PACKS CONTAINING A TOTAL OF 60 DIAPERS IN LARGE SIZE FOR WAIST SIZE 40-60 INCHES', '2 Diaper + 2 Insert', '10s Pack X 8 = 80s Pack', '66 diaper pants', '1 pack diper and free baby tissue', 'Cloth Diaper, Insert', '86 Diaper Pants', '24 pcs of diaper', '3 PACKS diaper CONTAINING A TOTAL OF 72 PCS IN XXL SIZE', '6 PACKS CONTAINING A TOTAL OF 60 DIAPERS IN XL SIZE FOR WAIST SIZE 48-68 INCHES', 'Diper pant 28', '52 daiper pants', 'S-32 (PACK OF 2) TOTAL 64 DIAPER', '26+26=52 diaper', 'Baby Pull-Up Diaper Pants – EXTRA LARGE 80 pieces pack of 1.', '6 PACKS DIAPERS CONTAINING A TOTAL OF 144 PCS IN XS SIZE FOR NEW BABY UPTO 5 KGS WEIGHT', '1 Diaper Set 2 Wipes Set', 'Baby Pull-Up Diaper Pants – XL 50 pieces pack of 1.', 'HUGGIES DIAPERS LARGE SIZE (42 PIECES)', 'Pieces of Cuddles Super Pants', 'Adult Pants', 'Baby Pull-Up Diaper Pants – X-Large 54 pieces pack of 1', '1 Green and 1 Blue Diaper With Inserts', '2 PACKETS CONTAINING A TOTAL OF 104 BABY DIAPERS IN LARGE SIZE FOR BABY WEIGHT 8-14 KGs.', '1 * POPPY L6', '10 Diapers X 6 = 60 Diapers', '75 Diapers in Pack 2', 'Pack of 1 ( 54 Units)', 'L 62X3=(186) Diaper Pieces pack of 3', '25 Pcs of Baby Pant Diaper - XXXL', '34', '60 Pcs in 6 Packs', '42 PCS', 'Baby Pull-Up Diaper Pants – large 15 pieces pack of 1.', '124 Diapers in Pack 1', '5 diaper', '10 Piece Diapers', '1 Blue and 1 Yellow Diaper With Inserts', 'Pack of 4 Disposable Diaper pants (X-Large) (28 units per pack)', 'Pack of 50 pieces', '24 diaper pants', '148 diaper pants', 'Pack of 1 (40 Units)', 'Dry pants diapers - S 10X9=90 Pieces S size', '10 Adult Diaper', '8 diaper +8 insert', '1 pack of diaper', 'Pack of 30 (Combo of 2)', '1 PACK OF LARGE SIZE DIAPERS', '2 PACKS DIAPER CONTAINING A TOTAL OF 84 PCS IN XXL SIZE', '30 underpads in Pack of 3', '1 PACKET CONTAINING A TOTAL OF 60 BABY DIAPERS IN MEDIUM SIZE FOR BABY WEIGHT 5-11 KGs.', '72 PCS EXTRA LARGE DIAPER', '1 Pcs of Baby Diaper', '64 Count (Pack of 1)', '14 PCS MEDIUM SIZE DIAPER', '32 PCS MEDIUM SIZE DIAPER', 'Diaper, Wipes', '6 Washable Diapers', '24 Count (Pack of 1)', 'Diper pant 16', 'Diper pant 36', 'Set of 3 pack ( total 162 diapers )', 'Yes', 'Fresh Baby Diapers Pants with Wetness Indicator and Quick lock gel | Super Soft Super Absorb with upto 10 Hours Absorption | Size S | For 4-8 Kg Baby | Diaper Pack of (44*2)', '36 diaper pants', 'Pack of 1 (50 Units)', 'L 56X2=(112) Diaper Pieces pack of 2', 'Fresh Baby Diaper Pants |Small| 4-8 Kgs | Pack of 40 diapers.', '1 diaper pack', 'Baby Pull-Up Diaper Pants – Large 62 pieces pack of 1.', '2 PACKS OF BABY PANTS CONTAINING A TOTAL OF 72 PANTS IN SMALL SIZE', '48 Diapers pants', '54 Diapers', '160 PCS', 'Pack of 2 ( 20 Units)', '3 PACKS CONTAINING A TOTAL OF 114 BABY PANTS IN MEDIUM SIZE FOR BABY WEIGHT 7-12 Kgs.', '64 Diaper Pants', '2 PACKS OF BABY PANTS CONTAINING A TOTAL OF 34 PANTS IN XL SIZE', '32', 'PACK OF 4 10 PCS EACH', '1 x Medium Size MamyPoko Pants', 'Pack of 1 x 62 Large Diapers', 'Count of 94 (Large)', 'Pack of 1 54 Pieces', '88 pieces of diaper pants', '68 pcs', '28 diaper pants', '36 Piece of baby diaper', '140 Units of Baby Diaper Pants', 'Underpads', '2 PACKS OF BABY PANTS CONTAINING A TOTAL OF 42 PANTS IN LARGE SIZE', '50 PCS', '198 diaper pants', '56 Diapers in Pack 3', 'Dry pants diapers - S 10X12=120 Pieces', 'COMBO OF 4- 32 DIAPERS EACH', 'Pack of 1 ( 78 Units)', '5 CLOTH DIAPERS AND 5 INSERT PADS', 'Baby Pull-Up Diaper Pants – Large 25 pieces pack of 1.', 'Fresh Baby Diaper Pants | Wetness Indicator | Upto 12 Hrs Absorption | 15-25 Kg | XXL (22 Pieces)', 'Diper pant 120', 'Pack of 3 Baby Diapers', '1 Red and 1 Orange Diaper', '40 diapers', '36', '25PCS NEW BORN SIZE DIAPER', '10 Diapers in Pack of 1', 'Pack of 3 162 Pieces', '2 pack of 48 diapers', '1, 50 peice', '10s Pack X 12 = 120s Pack', 'Baby Diaper Pants', '10 Pull Up Pants X 6 = 60 Pull Up Pants', '30 PCS', '62 Daiper', 'Diper pant 96', 'Daiper', '62 Pcs', '156 diaper pants', '1 Orange and 1 Green Diaper', 'Size - L Pack of 4 (54 pis. Per Pack)', '186 Diapers in Pack 1', '3 PACKETS CONTAINING A TOTAL OF 108 BABY DIAPERS IN SMALL SIZE FOR BABY WEIGHT 3-7 KGs.', 'Baby Pull-Up Diaper Pants – Large 64 pieces pack of 1.', '66 Diapers in 1Pack', 'pack of 1', '56 Daipers', '26', '30 Count (Pack of 1)', '32 pcs SMALL SIZE DIAPER', 'Combo Pack Of 2 L-30 pcs Total=60Pants', '92 Units of Baby Diaper Pants', '1 Pack Contain 40 Pants', 'Pack of 4 Disposable Diaper pants (Large) (32 units per pack)', 'Cuddles Super Pants Combo Pack - XL (54*2)', 'Baby Pull-Up Diaper Pants – X-Large 162 pieces pack of 3', '112 Diapers in Pack 1', '56 Diapers', 'Baby Pull-Up Diaper Pants – Small 78 pieces pack of 1.', '32 Pcs', '56 Count(Pack of 2)', '(75 Pcs)=Medium-Size-Baby-Diapers', '1 Set Diaper 1 Set Wipes', '4 CLOTH DIAPER 4 INSERT PADS', 'Wonder Pants Medium (M) Size Baby Diaper Pants M-32 (PACK OF 2)', 'Diper pant 56', '30 Diapers', 'Diper pant 84', '2 PRINTED DIAPERS :: 2 MICROFIBER INSERT PADS', '3 X 10 Piece Diapers', '1 diaper', 'Diper pant 14', 'Size - 3XL Pack of 1 (48 pis. Per Pack)', '108 Pcs', '2 PACKS CONTAINING A TOTAL OF 64 BABY PANTS IN LARGE SIZE FOR BABY WEIGHT 9-14 Kgs.', '1 Bag contains 54 Pant Diapers Size: XL', '142 Diapers', '2 Pack of Diaper', '10 Underpads X 6 = 60 Underpads', 'Pack of 3 156 Pieces', 'Pack of 6 192 Pieces', 'Diper pant 42', '2 PACKS DIAPER CONTAINING A TOTAL OF 72 PCS IN XXL SIZE', '3 PACK OF 42 DIAPERS', '2 Packs of 180 Diapers', 'Baby Pull-Up Diaper Pants– size LARGE 186 __pieces pack of 3.', '1 Jumbo Pack of S 42', '30 diapers', '130 diaper pants', '2 PACKS CONTAINING TOTAL 64 BABY DIAPER PANTS IN LARGE SIZE FOR BABY WEIGHT 9-14 KGS.', '1 PACKET CONTAINING A TOTAL OF 36 BABY DIAPERS IN SMALL SIZE FOR BABY WEIGHT 3-7 KGs.', '2 diaper, 2 Insert', 'PRO DIAPER', '64', 'Poly bag', '42 pcs', '22 Pants in Pack 1', '60*60 cm mats', '5 diaper 5 inserts', '30 Daiper', '120Pc Diapers', '74 diaper pants', '78 Pcs Per Pack', '1 Pack containing 34 baby pants in Xtra Large Size', '30 Pcs in 3 Packs', '70 Units of Baby Diaper Pants', '40 Pcs diaper Only', '1 Diaper - Jumbo Pack', '5 pc diapers & 5 pc Inserts', 'Pack of 3 96 Pieces', 'Baby Pull-Up Diaper Pants – Medium 72 pieces pack of 1.', 'L size Pack of 4 208 Diapers', 'Size - L Pack of 2 (54 pis. Per Pack)', '3 PACKS OF BABY PANTS CONTAINING A TOTAL OF 51 PANTS IN XL SIZE', 'Wowper Fresh Baby Diaper Pants | Wetness Indicator | Upto 10 Hrs Absorption | 9-14 Kg - L (96 Pieces)', '2 PIECES', 'L Size Baby Diaper Pack Pack of 02', 'Fresh Baby Diaper Pants | Wetness Indicator | Upto 12 Hrs Absorption | 15-25 Kg - XXL (96 Pieces)', '35 PCS LARGE SIZE DIAPER', '74 Premium Baby Diaper Pants', 'Cuddles Super Pants Combo Pack - XXL (42*2)', 'L size Pack of 3 156 Diapers', '48 pcs baby diaper pack', '1 unit of xxxl 18', '23', 'Pack of 4 Disposable Diaper pants (Medium) (38 units per pack)', 'Wowper Fresh Baby Diaper Pants | Wetness Indicator | Upto 10 Hrs Absorption | 4-8 Kg - S (136 Pieces)', 'Baby Pull-Up Diaper Pants – Medium 144 pieces pack of 2', '3 PACKS CONTAINING A TOTAL OF 48 DIAPER PANTS IN MEDIUM SIZE', 'XXL-24 (PACK OF 3) 24 DIAPER PER PACK', '144 diaper pants']"
42,Scented,2,45.25301204819277,"['Yes', None, 'No']"
32,Color,103,43.51807228915663,"['White', None, 'white', 'Red', 'Black Alfa, Zigzag', 'p[rinted', 'Pink, Red', 'Blue', 'Multicolor', 'Green', 'Yellow and blue', 'Green, Orange, Purple', 'Green, Pink, Yellow, sky', 'Green, sky', 'Peach', 'Orange, Green, Yellow, Purple', 'Red, White', 'Blue, Yellow', 'MULTICLOAR, Green', 'Cream', 'white and blue', 'Orange, Pink, Purple', 'GREEN AND WHITE', 'green blue, yellow purple, red orange', 'Yellow', 'BLUE', 'Light Blue', 'Sky Monkey, White Star', 'Yellow/ Blue', 'Orange', 'Red, Green', 'printed', 'Yellow, Pink', 'White & Blue', 'Purple', 'white-blue', 'White Star, White Ziraf', 'Green, Purple', 'Blue Star, Yellow Alfa', 'Pink, Purple', 'Multi - Text', 'GREEN-BLUE-RED-PURPLE', 'Pink', 'White Star, White Sunshine', 'Pink, Green', 'BABLU DABLU DIAPER, PINK AND DARK BLUE', 'Pink, sky', 'Black Alfa, Dog Feet', 'RED, BLUE AND SKY BLUE', 'Sky Blue, Yellow', 'White Lion, Yellow Cat', 'White Teddy, White Taddy', 'White Alfa, White Heart', 'White Heart, Pink Monkey', 'Green Ice Cream, White Taddy', 'Sky Monkey, Sky Traffic', 'WHITE', 'Yellow, Purple', 'Orange, Yellow', 'BABLU DABLU DIAPER, ORANGE AND DARK BLUE', 'White Alfa, Animal', 'SEA GREEN AND WHITE', 'Orange, sky', 'Malticlor', 'Teddy, Football, Heart', 'MULTICLOAR', 'Green, Blue', 'BUTTIES DIAPERS', 'Yellow, Blue', 'aqua and yellow', 'White, Blue', 'White Teddy, White Heart', 'Green, Pink, Yellow, SKY', 'red', 'Orange, Pink', 'Brand', 'White Star, Green Icecream', 'Red, Green, sky', 'Blue & White', 'Blue, White', 'White and Green', 'Red, Purple', 'Yellow Cat, White Heart', 'sky, Green', 'Red, Orange', 'Black', 'Sky Monkey, White Car', 'Green, Orange', 'Green White', 'Multicloar', 'multicloar', 'Red, SKY', 'Orange, Purple', 'NA', 'White Leaf, Green Ice Cream', 'Green, Red, sky, Yellow', 'sky blue', 'Blue, yellow', 'sky, Purple, Orange', 'White, MINT', 'Orange and Yellow', 'Yellow Alfa, Blue Star', 'Pink,Blue', 'Orange, Red']"
39,Material,100,41.34939759036145,"['Soft Non Woven Cotton Fabric', None, 'Cotton', 'Cotton Type', 'soft cotton', 'BREATHABLE ,ATERIAL', 'Soft Nonwoven', 'cotton', 'soft elastic & cloth like backsheet', 'COTTON', 'NON-VOVEN', 'Soft Cotton', 'Breathable', 'soft', 'Non-woven Polypropylene', 'Non-Woven Polypropyylene, Pulp, Absorbent Polymer', 'COTTON SOFT', 'Premium cotton, Regenerated cellulose, Polyester', 'Air Fresh Material', 'Cotten', 'Cotton Inner Cover', 'Paper', 'Disposable', 'Cotton Soft', 'Diapers are made from soft materials such as cotton', 'Cotton Inner', 'NON-WOVEN', 'Soft & Breathable', 'Soft cotton', 'Soft,Cotton-Like Outer Layer: The outer material is made from a soft, breathable', 'Soft Elastic', 'soft, Air fresh material', 'Top Sheet: Non-woven Polypropylene Absorbent Pad: Paper, Pulp and polymer. Back Sheet: Polyethylene, Non-woven Polypropylene. Elastic: Polyurethane Construction: Hot Melt Adhesive.', 'Cotton-Like a Soft Metrial', 'MICRO FIBER', 'soft, airfresh', 'Non Woven, soft comfortable material', 'Non-Woven Polypropyylene, Pulp, Absorbent Polymer,etc', 'NA', 'Microfiber Cotton', 'COTTON, Aloe Vera', 'Air fresh material', 'Cotton fabric', 'Absorbent Pad- Paper, Pupl & Polymer, Top sheet- Non-woven Polypropylene, Back sheet- Polythelene, Non-woven Polypropylene', 'absorbent', 'soft, high absorbent', 'SOFT COTTON', 'cotton, Top Sheet : Non-Woven Polypropylene', 'Cotton Like Material', 'polypropylene', 'Thermoplastic Polyurethane (TPU) Laminated Fabric & Cotton', 'Non woven, soft comfortable material', 'Non-woven Polypropylene, Cotton', 'Non Woven', 'Fabric', '100% Cotton', 'Soft, Cottony Soft, Advanced Dry Touch Sheet', 'Air Fresh Cover', 'Breathable cotton like cover, Stretchable Thigh Support', 'Cotton Fabric', 'SOFT', 'SOFT COTTON FABRIC', 'Bamboo', '36', 'cotton seed', 'Non Woven Polypropylene, Super Absorbent Polymers, Pulp', 'Non-woven Polypropylene Absorbent Pad', 'Soft, Air fresh material', 'Cotton-like Outer Cover', 'Non Woven Fabric and High Absorbent Pads', 'Cotton, Top Sheet Non-Woven Polypropylene, pulp', 'Air Flow', 'Non-Woven Polypropyylene, Absorbent Polymer, Hot Melt Adhesive, Soft Elastic', 'Top Sheet: Non-woven Polyolefin, Polyester\nAbsorbent Pad: Pulp, Polymer (20.3%), Non-woven Polyolefin\nBack Sheet: Film Polyolefin\nTape: Polyolefin\nElastic: Polyurethane, Non Woven Polyolefin, Polyurethane, Film Styrene elastomer\nConstruction: Styrene elastomer Synthetic resin', 'Breathable cotton like cover', 'Non-Woven, Polypropylene,Paper, pulp,Polymer, Polyethylene,and Hot Melt Adhesive', 'Non-Woven Polypropylene', 'Powerful Slim Core', 'Gel', 'cotton cloth', 'Surface (Polyester PUL Fabric) + Inner (Suede Cotton Cloth) Insert Material 4 layers microfiber, the strong absorbent material with breathability and softness is gentle on your baby’s sensitive skin.', 'Top Sheet : Non-Woven Polypropylene', 'Cotton Layer', 'COTTON, PE FILM', 'Soft Elastic +', 'cottan', 'BUBBLE-BED TOCHNOLOGY, Air fresh material', 'soft, Air Fresh material', 'rash free', 'Soft Cottony Material', 'cottonn inner cover', 'Non-Woven Polypropyylene, Pulp, Absorbent Polymer, Hot Melt Adhesive', 'Non-Woven', 'SOFRT COTTON AND SAP', 'Cotton soft', 'soft cotton, cotton', 'Top Sheet : Non-Woven Polypropylene, PULP, Cotton', 'CRISSCROSS ABSORBENT SHEET', 'SOFT COTTIN', 'Honey Comb Designed Soft Material', 'Soft cotton material']"
30,Weight,346,38.55421686746988,"['993 g', '608.24 g', None, '22 g', '1040 g', '1.7 kg', '2000 g', '480 g', '1 g', '7 g', '450 g', '500 g', '1.4 kg', '1000 g', '0.101 g', '300 g', '36 g', '400 g', '27.134 g', '440 g', '1524 g', '280 g', '800 g', '5550 g', '1300 g', '27 g', '56 g', '31.745 g', '2104 g', '940 g', '1800 g', '2 g', '5918 g', '4167.36 g', '140 g', '878 g', '40 g', '3000 g', '431 g', '0.2 g', '0.3 g', '970 g', '24 g', '1420 g', '3.971 g', '1510 g', '1900 g', '0.5 g', '1820 g', '2475 g', '2500 g', '250 g', '350 g', '0.25 g', '2410 g', '0.76 g', '353 g', '222.393 g', '2960 g', '1200 g', '0.59 g', '3480 g', '1700 g', '1680.72 g', '700 g', '2400 g', '393 g', '0.18 g', '1500 g', '220 g', '2 kg', '23.165 g', '1413.52 g', '1600 g', '54.26 g', '30.7 g', '29 g', '3550 g', '950 g', '960 g', '2387 g', '3500 g', '0.425 g', '20.909 g', '25.683 g', '5400 g', '660 g', '2.02 g', '3.66 g', '6313 g', '34.6 g', '0.74 g', '8000 g', '743.4 g', '0.32 g', '200 g', '5526 g', '1340 g', '100 g', '231 g', '0.8 kg', '420 g', '1.52 kg', '19.58 g', '3015 g', '740 g', '2.57 g', '1599 g', '1680 g', '41 g', '1470 g', '2736 g', '27.5 g', '656 g', '23.645 g', '3 g', '750 g', '19.02 g', '920 g', '4989 g', '507 g', '10 g', '90 g', '4800 g', '1191 g', '5880 g', '3400 g', '23 g', '1840 g', '2.26 g', '1904.5 g', '843 g', '1210 g', '1250 g', '0.7059 g', '359 g', '2660 g', '1490 g', '412 g', '1469 g', '80 g', '1850 g', '1226 g', '4500 g', '0.45 g', '2200 g', '5031 g', '830 g', '72 g', '949.85 g', '6000 g', '3700 g', '0.6 g', '632 g', '1860 g', '1670 g', '4175 g', '1232 g', '886 g', '0.53 g', '0.7 g', '3150 g', '195 g', '1740 g', '2190 g', '580 g', '1.26 g', '600 g', '1.02 g', '1148.8 g', '45 g', '176 g', '51.36 g', '1980 g', '0.48 g', '3.1 g', '5786 g', '900 g', '1802 g', '5377 g', '1750 g', '880 g', '5600 g', '1460 g', '1.87 g', '0.75 g', '444 g', '37.35 g', '380 g', '664 g', '590 g', '1240 g', '1286 g', '0.1 g', '0.8 g', '1190 g', '0.8064 g', '3849 g', '48 g', '3900 g', '1260 g', '8320 g', '1555 g', '850 g', '1418 g', '4000 g', '2600 g', '4200 g', '1235 g', '821 g', '0.4 g', '1.4 g', '432 g', '1590 g', '69 g', '3010 g', '754 g', '508.72 g', '1930 g', '0.6372000000000001 g', '120 g', '150 g', '3178 g', '3110 g', '576.38 g', '25 g', '1090 g', '199.8 g', '2592 g', '665 g', '1133 g', '1400 g', '1.1 g', '320 g', '1290 g', '108 g', '492.57 g', '1.5 g', '115 g', '1848 g', '30 g', '990 g', '38 g', '1550 g', '0.764 g', '230 g', '1330 g', '730 g', '829.83 g', '1.28 g', '680 g', '916 g', '998 g', '133 g', '2845 g', '196.44 g', '201.185 g', '560 g', '23.5 g', '1295 g', '3716 g', '870 g', '839 g', '0.35 g', '32 g', '3687 g', '2577 g', '4120 g', '1.43 g', '550 g', '0.3744 g', '503 g', '5800 g', '826 g', '9840 g', '735 g', '0.56 g', '1.154 g', '642 g', '6560 g', '1180 g', '560.224 g', '0.7454500000000001 g', '1920 g', '0.9679500000000001 g', '162 g', '30.29 g', '1346 g', '799.94 g', '17 kg', '808.27 g', '2720 g', '499 g', '2241 g', '637 g', '0.42 kg', '2300 g', '841.076 g', '1655 g', '928.2 g', '3300 g', '240 g', '32.9 g', '396 g', '20.7 g', '3644 g', '835 g', '1248 g', '896.3 g', '0.21 g', '1403.7 g', '2271 g', '96 g', '1010 g', '2920 g', '0.49 g', '997.1 g', '888.53 g', '34 g', '0.999 g', '810 g', '1.39 g', '490 g', '930 g', '1.6 kg', '0.15 g', '3570 g', '463 g', '734 g', '1843.75 g', '4116 g', '50 g', '754.71 g', '49 g', '1730 g', '2040 g', '802 g', '222 g', '460 g', '1832 g', '1100 kg', '4105 g', '442 g', '597 g', '1540 g', '811.296 g', '646 g']"
31,Model Number,557,35.66265060240964,"['CAL34', None, 'SHOPSY-BP-DP-S-42X2', '1', '20030085', 'BAZ T16', 'zw-1', 'RP A37', 'DOO_XL_40_2', '82310500', 'L64', 'TODDLES LARGE diaper- 120| Easy to Pull Up and Remove', 'HPCADPXL', 'XXLPO4', 'N DIAPER-XL-3-144 nw', 'NA', '56032', 'DO_C_S_2_80', '4651320164513', 'GOPur Aa-4', '3822857', 'GPYS Aa-37', '123589', 'Baby Diaper Pullup Large', 'DOO_M_16_2', 'Credebs', 'GS Aa-16', 'DOO_L_48_14_Fk', 'DIAPER-L-4-208', '3822839', 'diaper-L-1-54 Piece', 'Extra Absorb Pants Style Baby Diapers - XXXL (18 Pieces)', 'WOWPER_999_S78_PACK2', '3822575', 'FAD Premium Pants M 40', 'SNUGGY_PremiumDiaperPants_54_ExtraLarge', 'DOO_L_14_1', 'L_28', 'OYGPur W', 'Wonder Pants Small Size Diapers ( S 56 )', '8904009616908', 'Happy Skin care', '2381', '4865132', 'FAD Classic Pant XXL 10', 'Easy with Rapid-Soaker Technology', 'DOO_L_48_1', '10029271', '4902430671460', 'Huggies Dry Pants XL-17', 'Extra Absorb Pants XXL 108 - XXL', 'Baby Diaper Combo Pack of 2 - High Absorb Technology Double Layer Protection', 'KH-L-2-64', 'TBD Easy Pants XXL42', 'FAD Classic Pants XL 40', 'TBD Easy Pants M 66', 'XL-36 pcs', '1000019264', '10021479', '3822693', '10029206', 'comfert diaper and soft tissue', '10026521', 'DFD1R51', 'LAEZDS78_2', 'DO_C_XL_3_26', 'ZC-w', 'Lovingle Premium Luxury Diaper Pants Medium', 'XL 56', 'DOO_M_56_3', '20010106', 'MAMY MOKO', 'TBD Premium Pants L 24', 'OPPur Ba-22', 'PREMIUM', 'ckbbdsx56', 'DOO_M_16_1', 'Extra Absorb Pants (30-41 Inch)', '4902430671545', '3822572', 'BP-DP-L-62X3', 'MamyPoko Pants Extra Absorb come', '15973', 'BABY DIAPER', '8231050', '3822696', 'LAEZDM74_2', '10029274', 'Wonder Pants - Large (42 pieces) - ( Pack of 3 )', '3822570', 'SMWS V10', 'Wonder Pants diapers ( L 42 )', 'diaper-L-4-216 Piece', 'DFD3R24', '123', 'DFD2R51', 'DOO_XL_40_1', 'M76', '25778166', 'Small Size 0-3 years', '10029102', 'DFD3R46', '12589', 'DOO_L_48_4_Fk', 'RG Ba-37', 'huggies', 'TBD Premium Diaper NB42', 'HPDP-M-48', 'SPAK-S-XL', 'WOWPER_NEW_S68', 'DOO_S_18_1', 'PANTS Standard - Extra Large (78 pieces)', '10027325', '10010153', 'Bm-D', 'NDJMBOPCK-L-30N_2', 'YP-W', 'HMZ-UP-2022-60X90', 'HPSV1R1', 'HPST16A', 'LUVLAP', 'L40', 'LAEZDS78', 'WOWPER_NEW_NB28', 'Baby Cloth Diaper', 'Underpads', 'DOO_S_18_3_Fk', 'Diaper 24 pants Large Size', 'Complete Comfort Wonder Pants Medium Baby Diaper Pants with 5 in 1 Comfort', '9651320', '10026522', '3822571', 'Mamypoko Pant Extra absorb S-60', '3658210', 's-40', 'l size', '10028895', '10021668', 'Extra Absorb', 'WSWZ F43', 'l Size 3-6 years', 'Next_KSPD_L_PK(1)_62', 'WOWPER_PREMIUM_XL56', 'DOO_L_48_14_2_Fk', 'Ghoba', 'DIAPER-SPACK-L-1-32', 'NDJMBOPCK-L-30N_6', '3822877', 'BABY HUG NB 22 PIECES', 'Shopsy_BP-DP-L-62X3', 'Cloth Baby Diapers', '3822878', 'DOO_L_48_14_2', 'Everyday Pants XL-42 PCS', 'S-42X3', 'S-P1', 'BSYA H33', 'PPur Ab-11', 'XL-PACK-1', '42', 'Bummy pants Medium (54PCSX2) 108 PCS PACK', 'DIAPER-SPACK-L-4-128', 'WOWPER_NEW_M72_PACK2', '100% Cloth Diapers for Babies (3Months - 3 Years), Reusable, Washable', 'size-L-2-108-Pieces', 'HPMU1R1', '984651320.', 'LUVLAP S78', 'Baby Cloth Diapers', 'BDL30', 'L42', 'Solid Button Diapers Without Inserts', 'WSWS F40', 'PG-w', 'xl', 'KH-L-8-256', 'BABLU DABLU', 'PS Ac-12', '10028894', 'TBD Premium Pants S 51', '4902430908726', 'KindfitLsize', 'DOO_L_48_2_14_2_Fk', 'BAWDF', 'DOO_L_48_2', 'DOO_M_56_2', 'DO_C_XL_4_26', 'MyGuardM_21347', 'DOO_L_48_5_Fk', 'size-L-4-216-Pieces', 'WLYC R46', 'Complete Comfort Dry Pants Large Baby Diaper Pants with 5 in 1 Comfort', 'MyGuardL_21347', 'M-56', 'Huggies Wonder Pants', '001', 'LAEZDXXL42_2', '10021673', 'Dry Pants Diapers - L 32+32 Pieces', 'WTWC G44', 'L Pack of 1', 'L-42', 'HPDP-XL-90', 'WAWH S41', 'kindfitpullup2', '48965132', 'WHPM P25', 'Reusable Cloth Diapers for Babies, Washable Reusable, Adjustable Baby diaper', 'DOO_XL_40_5_Fk', 'NDJMBOPCK-M-34N', 'TBD Arabic Premium Diaper NB66', '10021669', 'LAEZDL62', '10021481', 'Diaper09', 'HPCADPL', 'LAEZDXL54', 'DIP-L-4-216-SM', 'Complete Comfort Wonder Pants Large Baby Diaper Pants with 5 in 1 Comfort', 'KH-L-6-192', '1000019257', '10027329', 'S74 X2 Pack', 'L-64PCS', '10021654', '10028893', 'Baby Pant Style Diapers', '10029205', 'DO_C_M_2_66', '3822546', 'TBD Easy Diaper NB84', 'GIWT', 'LARGE_ 71', 'Shopsy_BP-DP-S-56X3', '2367', 'L-64', 'PB-Diapers-NB', 'LARGE SIZE', 'DIP-L-3-162-SM', 'SMST U48', '0003', 'Huggies Dry Pants S-36', 'DO_C_M_2_66_1_34', 'L48', 'SHOPSY-BP-DP-S-42', 'SCE-S78-CO2', 'HPCADPM', '?82279312', 'Next_KSPD_XXL_PK(1)_40', '4902430566384', 'TBD Easy Pants XXL84', '100 Pcs of Baby Diaper - M', 'MM-3050 NB (PK-2)', '10025656', 'Economy Diaper L 10', '10025654', 'Mi-004', 'HUSKUS DIAPERS', 'DOO_XL_40_2_12_2_Fk', 'WOWPER_PREMIUM_L64', 'WAA T14', 'DIAPER-SPACK-L-8-256', '10027323', 'DO_C_L_3_56_1_34', 'SHOPSY-BP-DP-S-56X2', '10029103', 'PRO BUBBLE CARE PREMIUM TAPE STYLE DIAPERS NEWBORN-86', 'Babyhug diaper', 'LAEDM80S_1', '10028863', 'NB-34 Extra Absorbtion Diaper', 'WOWPER_NEW_XL56_PACK2', 'MAMY S Pants Standard Diapers, Small Size ( S - 40+40+40 ) - S (120 Pieces)', '100 Pcs of Baby Diaper - S', '10029204', '10021482', '4987176141705', 'L 64', 'BT Regular Pants L 10', 'Standard L 25', 'OS AC-36', 'FS-F32', 'zs-w', 'Kindfitpullup201346', 'Wonder Pants, Extra Small (XS) Size Diapers, 24 Count', 'Extra Absorb XXXL18 - XXXL', 'TFH AF-27', 'size-XXXL-1-48-Pieces', 'BEMNL473', 'ZA-w', '4.90E+12', 'BT Economy Diaper M 10', '3823499', 'BT Regular Pants XL 10', 'Wonder Pants, Double Extra Large (XXL 24 )', 'DO_C_XL_2_26', '20010107', 'HPCP00XL-54', 'WOWPER_NEW999_XL56', 'Credebs Comfy Baby Diaper Pants - Premium 12 Hours Absorption, Wetness Indicator', 'BT Regular Pants M 10', '3822837', 'L6', '10010130', 'WOWPER_NEW_XXL48_PACK2', 'LAEZDXXL42', 'FAD Economy Diaper XL 40', '10010131', '10027233', '25 Pcs of Baby Pant Diaper - XXXL', '3452', 'ORDML60', '8903622002884', 'BUTTIES DIAPERS', '10027204', 'AD_L_10C', '10029207', 'Adult2100', 'TODDLES M size diaper60 -| Easy to Pull Up and Remove', '3622', 'EDL48', 'AB-ML-TZ-02N', 'DG-DP_5', 'TBD Premium Pants XL 28', 'LUVLAP M72', 'Dry pants diapers - S 10X9=90 Pieces S size', '4902430795203', 'w-8 d', 'TEDDYY_PREM_PNT_L', 'LARGE699', 'WOWPER_999_L62_PACK2', 'BT Regular Pants M 20', 'BT Economy Diaper M 60', 'Kindfit_Pull_up_XL60', 'SCE-L30-CO2', 'large size', 'HPDP0-L-198', '8903622032935', 'Regular Pants L 80', '3822954', 'NDMB-L-64N', 'LAEZDM74', 'L-42X3', 'BT Regular Pants M 80', 'NDJMBOPCK-XL-24N', 'DPR-L-162-3', 'DO_C_M_34', 'WTH G49', 'BP-DP-S-42', 'DOO_S_18_2', 'HCLS1R4', 'HPSU200', '10026520', 'KE-DI-003', '?82279311', 'Large - 62', '10026072', '123852', 'OP Ba-64', '8901138832698', 'DOO_M_56_1', 'BP-DP-NB-80-P2-LW', 'LITTLECARE disposable cotton baby diapers (L-9)', '10027226', '4902430566391', '10010139', 'BABUM_XXL48', 'FAD Premium Pants XXL 20', '?82279313', '114 DIAPERS', 'DOO_M_16_4', '10027327', 'Dry Pant Diapers with Bubble Bed Technology', 'WSGI F37', 'RGS Ba-24', 'SS007', 'ADLP-2', 'NDJMBOPCK-L-30N+NDMB-L-64N', 'Huggies Dry Pants L-21', 'size-L-1-54-Pieces', 'ADMT-1', '1000019254', 'LAEDS88_2', 'DOO_L_14_2', 'PBPDL-l-54.', 'RPur w', 'XL-36', '10025653', 'Wonder Pants diapers ( S 42 )', '3822550', '10010129', '10025657', '10029273', 'CODFD3702', '3822815', '10026133', 'SPAK-XXL-XXXL', 'BT Regular Pants M 60', 'KSPD_XXL_PK(1)_24', 'ACS-D-7246', 'TBD Easy Pants S17', 'MM-3050 NB', 'YCWH J44', 'NEW_M-50_Diaper_FLP)-LW', 'DO_C_M_3_66', 'huggies-128q-q31', '3822697', 'Dry pants diapers - S 10X12=120 Pieces', 'DFD4R24', '7654', 'SHOPSY-BP-DP-S-56', 'GS Ae-13', 'GPur Ba-31', '10028767', 'Extra Large (XL) - 54', '10027322', '3822879', '1002', 'Complete Comfort Dry Pants Extra Large Baby Diaper Pants with 5 in 1 Comfort', 'NBS 36', '(Size:35cm*13.5cm)', '3822807', 'Kindfit_Pull_up_XXL30', 'DOO_S_18_3', 'DIGNITYMEDIUM10', 'S 56', 'size-L-3-162-Pieces', 'HPDP-M-96', 'Complete Comfort Dry Pants Small Baby Diaper Pants with 5 in 1 Comfort', 'Advanced Pant Style Diaper - Medium (50 pieces)', 'Bubble Bed Technology for Comfort, Anti Rash Free', 'L-30', 'TBD Premium Pants M 45', '3.p.m.32-kl', 'BP-DP-L-62', 'L-P1', 'DO_C_M_2_34', 'SMWC 23', 'Huggies Complete Comfort Wonder Pants Extra Large (12-17kg) Size, 56 coun', 'DO_C_XL_6_26', 'BT Regular Pants L 40', 'DO_C_L_3_56', 'L-4-216', 'PG Ac-9', 'LAEZDL62_2', 'BT Economy Diaper XL 10', '10027320', 'S 84', 'NB_22', 'TBD Easy Pants M84', 'Small -78', 'Happy Skin', 'NDJMBOPCK-L-30N', 'Complete Comfort Dry Pants Small with 5 in 1 Comfort', 'DFD3R92', 'huggies-128-hug7', '10020008', 'Complete Comfort Dry Pants Medium Baby Diaper Pants with 5 in 1 Comfort', 'BT Regular Pants L 60', '3621', 'FAD Premium Pants L 40', '433', 'GOPur Ba-49', 'FAD Economy Diaper M 40', 'DIP-M-4-224-SM', 'AL-w', '20030169', 'XXLPO3', 'Complete Comfort Wonder Pants with Aloe Vera', 'Everyday Pants L-32 PCS', 'NDMB-XL-56N_2', 'Fresh Baby Diapers Pants | Wetness Indicator | Upto 12 Hrs Absorption | 8-12 Kg', 'HPCP00L-44', 'Wonder Pants diapers', '8901138832740', 'TBD Easy Pants M56', 'TBD Easy Pants S 74', 'Huggies Wonder Pants Extra Small Size Diaper Pants Combo - XS (48 Pieces)', '8766', 'mamypoko30pants-pk1', 'Wonder Pants Medium (M) Size Baby Diaper Pants M-32 (PACK OF 2)', '20030094', 'M10', '10025655', 'AB-w', 'RS Aa-28', 'KindfitXL10268', 'OPur Ab-14', 'MM-3050 NB PK-3 NA', 'BT Regular Pants L 30', 'XXXL-1-48', 'XL-PACK-2', 'Everyday Pants M-54 PCS', '10029275', '3823507', '20010097', 'BABY', '10050051', 'DIAPER-L-3-156', 'DIAPER-SPACK-L-6-192', 'NB-S 36', '10029104', 'Everyday Pants S-42 PCS', '3822694', 'TODDLES medium diaper -136| Easy to Pull Up and Remove', 'WLGI E36', 'GRSY Aa-10', '3822565', 'BT Economy Diaper M 40', 'All round', 'HPDP-XL-180', 'MOONBUG DIAPERS', 'B05P171A', 'DO_C_XL_5_26', 'spo-3', 'TBD Premium Pants XL 42', 'New Born Baby diapers (NB-40 Pcs)', '3822692', 'YABS M48', 'ME-1021', 'PRO Small 22', 'LAEZDXL54_2', 'TBD Pants Easy XXL 24', '10028787', 'MamyPoko Pants Extra Absorbpants xl', '24', 'SPACK S-XL', 'S-sizepamperpad', 'DFD4R46', 'BT Regular Pants XL 40', '3822856', 'HPLU1R1', '2346', 'SHOPSY-BP-DP-S-78X2', 'FAD Economy Diaper L 40', 'OR W', 'ORDMXL30', 'DFD3R70', '10010157', '20010034', 'ZF-w', '4902430697491', 'myguard24714', 'Reusable Cloth Button Diaper & White 5 Layer Insert for Baby', 'DIAPER-SPACK-L-3-96', 'BH L64 ADV', 'BT Regular Pants XL 30', 'L Pack of 4', 'L-2-108', 'HPCP00L-66', '10029106', 'DP-L-02', 'Huggies Diapers L size', 'L Pack of 3', 'BABY HUG PRO L 23', '3620', 'DFD6R24', 'DOO_L_48_3']"
33,Minimum Age,43,30.120481927710845,"['9 Month', None, '24 Month', '4 Month', '2 month', '6 Month', '2 Month', '0 Month', '7 Month', '12 Month', '10 Month', '480 month', '48 Month', '1 Month', '3 Month', '18 Month', '20 Month', '0 month', '5 month', '3 Months', '36 Month', '14 Month', '15 Month', '1 month', '13 Month', '8 Month', '120 Month', '34 Month', '1 Months', '21 Month', '5 Month', '86 Month', '9 month', '9 Months', '247 Month', '0 months', '700 Month', '300 Month', '30 Month', '18 Months', '0 Months', '3 months', '12 month', '17 Month']"
34,Maximum Age,59,29.30120481927711,"['24 Month', None, '36 Month', '7 Month', '6 month', '60 Month', '30 Month', '12 Month', '17 Month', '14 Month', '960 month', '72 Month', '48 Month', '3 Month', '6 Month', '2 Month', '35 Month', '18 Month', '8 Month', '12 month', '9 Months', '78 Month', '26 Month', '20 Month', '240 Month', '46 Month', '6 Months', '56 Month', '98 Month', '96 Month', '10 Month', '57 Month', '9 Month', '108 Month', '28 Month', '15 Month', '14 month', '12 Months', '16 Month', '180 Month', '18 Months', '283 Month', '23 Month', '24 month', '4 Month', '3 months', '0 Month', '90 month', '850 Month', '480 Month', '120 Month', '236 Month', '24 Months', '3 Months', '9 months', '36 month', '1 Month', '4 month', '118 Month', '22 Month']"
44,Other Features,198,27.566265060240962,"[""Your baby's comfort is paramount, especially when it comes to diapers. It's essential for your baby to feel dry and comfortable throughout the day, allowing them to spend more time playing and exploring freely. Champ Diapers are crafted from high-quality materials that care for your baby's delicate skin and provide exceptional comfort. Trust Champ Diapers to keep your baby happy and active all day long."", None, 'Leak-Guard Technology: Prevents leaks with secure, adjustable fit and protective barriers.', 'BRIEF-LIKE BREATHABLE FIT: Allows the free passage of air., NO URINE SMELL: World-class odour-lock technology., NO SIDE LEAKS: Standing leak guards help avoid trickles., ANTI-BACTERIAL: No rashes or infections., Friends Adult Diaper medium size pants with 8 hours of protection are also available in sizes L, XL, and XXL.', 'Wetness Indicator', 'Fresh Aloe fragrance, Cotton Like Softness, Superior Overnight Dryness With Pampers Magic Gel Technology', ""-> Soft And Breathable: The diapers are made from soft and breathable materials to protect your baby's sensitive skin, and they also have good elasticity for a comfortable and flexible fit."", ""Anti-Rash Blanket India's first diapers containing Lotion with Aloe Vera that prevents rashes."", ""1. Never leave the baby unattended while diapering \n2. Change diaper after each bowel movement or when wetness indicator turns blue\n4. Do not wash and reuse\n5. Do not use torn or unsealed diaper\n6. Use under medical supervision if the baby's skin is sensitive to infections\n7. To avoid chance of suffocation and/ or injury, keep all packaging material away from babies and children\n8. Please keep the pack in a clean place to prevent dirt or insects entering the pack after opening\n9. Store in a cool and dry place\n10. Please consult a doctor in case of irritation\n11. Wash your hands before and after diapering"", '12-HOURS OF ABSORPTION!, RAPID SOAKER CHANNELS: Soaks quickly to lock wetness away from skin., AIRY, BREATHABLE FIT: Allows the passage of air., WETNESS INDICATOR: Know the perfect time for a diaper change!, ANTI-RASH, ANTI-BACTERIA: Keeps irritation, germs and bacterial infections away.', ""The superior soft materials used in NESTURA baby diaper pant offer a gentle touch against your baby's delicate skin, providing not only protection but also a cozy experience for your little bundle of joy. The criss-cross channel design, coupled with the ADL sheet, enhances absorption and prevents leakage, keeping your baby dry and happy."", '3D leak guard', 'Advanced design & shape makes the diaper fit you just like your underwear., Extra elastics along the length of the diaper to help maintain its integrity after repeated absorption., Double standing cuff’s ensure zero* leakage & lets you enjoy tension free., Cloth like soft material makes the diaper fit perfectly with maximum comfort., Specially designed slim core makes the diaper fit just your underwear without anybody noticing.', 'All round Protection Pants, LOTION WITH ALOE VERA', 'Anti-Rash Blanket India first diapers containing Lotion with Aloe Vera that prevents rashes.', 'Double Leak Guards. Ultra Absorb Core provides your baby with a new type of dryness overnight - breathable dryness. helps protect your baby’s delicate skin from diaper rash and irritation.', 'Cotton, Chlorine Free', 'BRIEF-LIKE BREATHABLE FIT: Allows the free passage of air., NO URINE SMELL: World-class odour-lock technology., NO SIDE LEAKS: Standing leak guards help avoid trickles., ANTI-BACTERIAL: No rashes or infections., Friends Adult Diapers large size pant style with 8 hours of protection are also available in sizes M, XL, and XXL.', 'Quality ensured to its highest standards of safety', 'super 3d bubble.', ""Ultra soft extra gentle Diapers for baby's delicate skin"", 'The snug fit of Fixel baby diapers maximizes protection against leaks, allowing your baby to move freely without any discomfort. The quick absorption technology in these diapers ensures that wetness is locked away quickly, keeping your baby feeling fresh and dry.', 'Waist Band : 360° Super Soft & Perfect Fit.', 'Super Absorbent Core : Absorb like sponge and stops the growth of the bacteria so that your baby stays healthy., Top Layer : Absorbs the liquid to keep your baby dry and comfortable., Side Garters : Ensure no Spillage or leakages so that your baby is always active., Wetness Indicator : Marking fades away of changes its color when the diaper is wet., Printed Back Sheet : With attractive printed back sheet design. Reushable Grip Tapes : Can be readjusted multiple times to ensure a snug fit for your baby.', 'Breathable cloth-like embossed top sheet with high absorption capacity., Super Soft elastic Waistband., Rapid absorption layer that ensures dryness for longer time., Anti-Bacterial feature so baby is Rash-free., Wetness Indicator., Baby diaper pants Medium size are ideal for babies of weight ranging from 6 to 11 kilograms', 'UPTO 12 HOURS ABSORPTION', 'No of Diapers Per Pack refers to the total number of diapers available in a pack. For example if a pack is having 20 Diapers then, no of diapers per pack is 20. And if there are 2 packs with 20 in one pack and 30 in another pack then no of diapers per pack will . And if there are 2 packs with 20 in each pack then no of diapers per pack will be 28.', 'Breathable PE back sheet for long lasting dryness', 'BRIEF-LIKE BREATHABLE FIT: Allows the free passage of air., NO URINE SMELL: World-class odour-lock technology., NO SIDE LEAKS: Standing leak guards help avoid trickles., ANTI-BACTERIAL: No rashes or infections., Friends Adult Diapers XL size pant style are also available in sizes M, L, and XL.', 'Extra Thin Core for Superior Absorbency, Double Leak Protection, Ultra Soft Airfresh Material, 360 Degree Soft Elasitic Band', 'HIGH ABSORBENCY: Soaks wetness for up to 12 hours!, SUSU MAGNET TECHNOLOGY: Pulls and evenly distributes pee., AIRY, BREATHABLE FIT: Sweat and bacteria, no chance!, WETNESS INDICATOR: Shows the perfect time for a diaper change!, ANTI-RASH, ANTI-BACTERIAL: Keeps irritation and rashes away.', '3D perforated bubble soft feather top sheet provides cotton like softness to the baby’s skin, Breathable material makes it skin friendly and avoids rashes., Unique hexagonal channels quickly draw the liquid in and lock away wetness up to 12 hours, The super stretchable waistband provides the baby with a comfortable fit and prevents redness around the waist, Anti leak side cuffs prevents leakage all day and night', 'His next generation Huggies product is India’s 1st Diaper Pant with unique Bubble-Bed Technology. Bubble wala Huggies has 3 unique features that provide ultimate care and comfort on all 3 sensitive areas –', 'Soft and smooth elastic waistband, Advance Leak protection, Cottony soft material, Anti bacterial, Lightweight and breathable', 'Jumbo pack for better per diaper value vs. smaller packs, Extra Dry Layer, Best Pampers for protecting New Born baby skin with 5 star skin comfort, All night absorbency, Soft stretch waist and sides, 20% more absorption, hence no wetness-keeps baby skin dry & Protected, Baby Lotion, Soft like cotton', 'All round Protection Pants, LOTION WITH ALOE VERA, Great Absorbency for Dryness', 'NA', 'The NESTURA baby diaper pant features soft materials for gentle protection, a cozy experience. The criss-cross channels and ADL sheet enhance absorption, prevent leakage, keeping your baby dry and happy.', ""Anti-Rash Blanket India's first diapers containing Lotion with Aloe Vera that prevents rashes., Cotton Like Softness"", 'Easy to pull up and remove.Upto 12 hours of absorption, Color: White. Lining Description: Cotton, All round Protection Pants - Lotion with Aloe Vera', '• COMFORTABLE QUALITY DIAPERS: Our thin disposable diapers used by parents in 60+ countries are super-soft and offer a snug comfortable fit, that keep your baby happy all day long, • SIZE RANGE: Manufactured in Denmark, our premium taped style diapers are designed for kids between 5-12 months weighing 7 kgs to 14 kgs, • BREATHABILITY & SOFTNESS: Our diapers are made of non-woven, soft and breathable material. They provide all-around protection with a new and improved softer backsheet to promote air circulation for gentle skin, • NO LEAKAGE: The absorbent sheet spreads the fluids evenly so it doesn’t spill onto one side. The diapers are made of breathable cotton-like material to ensure no rashes or redness on the skin, • DRIES QUICKLY: The top-dry system along with the new and improved moisture absorption channels help absorb the fluid faster.Owing to the absorption quality, our diapers are suitable for overnight use too', 'Diapers often feature resealable tabs with adhesive strips, allowing for a customizable fit as the baby grows, brands offer hypoallergenic diapers, which are free from common allergens and are gentler on sensitive skin', 'DERMATOLOGICALLY TESTED', 'Baby Diaper Pants', 'Its Stretchable Thigh Support thigh gaps and redness', ""2x absorption which absorbs twice as much as regular diapers and spreads urine equally , helps keeping the baby dry and rash free, Cottony dry top sheet for super soft experience for baby's tender skin, Diaper change indicator, Easy throw tape helps you to easily throw diaper after use."", '1', 'Diamond Core Technology, High Absorbency, 12 Hours All Night Protection, Extra Wide, Stand Up Leak Guards, Available in 3 sizes; Medium, Large, X-Large', 'ABSORBS RUNNY POO', 'COTTON-LIKE SOFTNESS', 'washable Reusable', 'POWERFUL ABSORPTION', 'Extra Dry Layer, Best Pampers for protecting New Born baby skin with 5 star skin comfort, All night absorbency, Soft stretch waist and sides, 20% more absorption, hence no wetness-keeps baby skin dry & protected, Baby Lotion, Soft like cotton', 'Wetness Indicator: Each diaper includes a convenient wetness indicator that changes color when it’s time for a change, helping parents monitor moisture levels easily., Ultra-Thin Design: Despite high absorbency, these diapers maintain a slim profile, allowing for discreet wear while providing freedom of movement for active babies., Easy to Use: The pull-up pants style makes them quick and easy for parents to put on and remove, ensuring hassle-free diaper changes., Hypoallergenic Materials: Crafted from hypoallergenic materials, these diapers are suitable for babies with sensitive skin, minimizing the risk of rashes and irritation., Soft Inner Layer: The inner layer is designed to be soft against the skin, providing extra comfort for long hours of wear.', 'MamyPoko Pants Extra Absorb come', ""Made from non woven, soft and breathable material that is gentle on your baby's skin, Lifree adult pant style diaper is easy to use like an underwear and prevents leakage upto with 8 hrs."", ""Our diapers are equipped with gentle care technology, specially formulated to cater to the sensitive needs of your baby's skin, offering a gentle and nurturing touch that keeps irritation at bay and maintains the skin's natural balance, Embrace the perfect fit with Ozemi Baby Diapers, designed to snugly hug your baby's body without restricting movement, ensuring maximum comfort and flexibility for every adventure, from playtime to naptime and beyond, Trust in the reliability and quality of Ozemi Baby Diapers, crafted with meticulous attention to detail and backed by rigorous testing, providing the ultimate protection and comfort for your little one, so you can cherish every moment without worries, Say goodbye to leaks and accidents with Ozemi Baby Diapers' innovative leak protection features, designed to keep messes contained and prevent any embarrassing situations, allowing your baby to explore and discover the world with confidence"", 'COTTON LIKE SOFTNESS', '360 degree soft elastics fit your baby’s body perfectly while offering free movement., Fluid Distribution channels that helps to distribute fluid evenly through-out the diaper., Double leak protection helps prevent leakage., Soft Cotton like material is comfortable to your baby, Wetness Indicator which changes colour and alerts you when diaper is wet', 'super soft 3-D Bubble.', '1. To wear - Pull up the diaper like pants. Blue Lines in front 2. To remove - simply tear off both sides and pull the diaper down.', 'Safety 1st: Our Feather Diapers are made with pure water-based ink, these are completely safe for your baby and come with a wide range of properties to make your baby’s diaper journey comfortable., Breathable pores which allows the air to easily pass through, making the diapers highly breathable and acting as a rash guard for your baby by instantly locking moisture in., Suits Even Sensitive skin types: Dermatologically and Pediatrician tested, these diapers are chemical-free (0% Parabens/Latex/Fragrance/ Phthalates*/Chlorine*) making it suitable for even babies with sensitive skin types.', ""Anti Rash – India's only diapers containing Lotion with Aloe Vera that prevents rashes., Double Leak Guards – Provides up to 100% protection from leakage even after 12 hours of use."", 'WET FREE , MICRO FIBER INSERT PADS FOR DIAPER', 'Rashes Free, Soft and Breathable Material', 'Extra Thin Core for Superior Absorbency, Double Leak Protection, Ultra Soft Airfresh Material, 360 Degree Soft Elasitic Band, Breathable fabric, Air circulation, Super absorbent polymers', 'Wetness Indicator, Extra Thin Core for Superior Absorbency, Double Leak Protection, Ultra Soft Airfresh Material, 360 Degree Soft Elasitic Band', '1. To wear - Pull up the diaper like pants.\n2. To remove - simply tear off both sides and pull the diaper down.', ""1. Gentle on Skin: Niine diaper pants are made from extra-soft breathable materials, which makes them ultra-secure and gentle on the skin., 2. Leak-Proof Cuffs: Leaf-proof design protects your baby from leakage, discomfort, and mess., 3. Overnight Protection: The extra-long diaper pants capture and lock away all the moisture for up to 12 hours to give all-night protection to your baby., 4. All-round comfort and fit: The easy-to-wear stretchy all-around waistband pant style diaper has super-soft inner and outer layers that provide a comfortable and flexible fit., 5. Wetness Indicator: The wetness Indicator changes color to blue when it's time to change., 6. Control Baby Rashes: These diapers are hypoallergenic and free from harsh substances like fragrances, parabens, and elemental chlorine, making them suitable for all skin types. They offer superior comfort and a rash-free experience."", 'BUBBLE-BED TECHNOLOGY', ""Made of soft, flexible material to mimic the feel of a mother's breast, Light in Weight, Light Weight and Easy to carry, Soft to skin, Easy to clean surface to maintain hygiene, Eco-friendly options available, made from biodegradable materials"", 'super 3d bubble technology.', 'The one time purchase saves your money and also helps reduce the landfill of plastic disposable diapers.', 'bubble bed technoiogy', 'underpads for adult, underpant, underpant men, underpads for patients, underpad sheet, disposable underpads, adult underpads, gents underpant, underpad, underpads for baby, underpads adult diapers xl, reusable underpads, disposable underpads adult, underpads xl, bed underpad, underpads for adults, underpads 60x90 large offer cheap, underpads, under pads for bed patient adult, molly sheets for adults, underpad, underpads 60x90 large, diaper sheets for adults, adutl diaper large, waist size, adult diapers', 'Crisscross Absorbent Sheet, 12hrs Peaceful night', '12 HOURS OF PROTECTION., UNDERWEAR-LIKE FIT: Easy-to-wear and cloth-like breathable., SOFT COTTONY TOP SHEET: Prevents chafing, redness and rashes., NO URINE SMELL: World-class odour-lock technology., NO SIDE LEAKS: Standing leak guards help avoid trickles. ANTI-BACTERIAL: No rashes and infections. Available in sizes: M, L, XL, XXL. Proudly made in India.', '1.Lasts for up to 10 Hours\n2.Easy to wear and remove pant style diapers\n3.Affordable diaper pants', ""Soft Materials: Diapers are made from soft materials such as cotton, bamboo, and various synthetic fibers to ensure comfort against the baby's sensitive skin., Absorbency: It has the ability to quickly absorb liquids, which makes it useful for tasks like wiping surfaces or cleaning up spills."", 'New Underwear Like Shape, Additional Supporting Elastics, Extra Slim Core, Extra Soft Material, Advance Leakage Proctection, Highly Absorbent Core', '360 degree soft elastics fit your baby’s body perfectly while offering free movement., Fluid Distribution channels that helps to distribute fluid evenly through-out the diaper., Double leak protection helps prevent leakage., Soft Cotton like material is comfortable to your baby., Wetness Indicator which changes colour and alerts you when diaper is wet.', 'OVERNIGHT DRYNESS', ""Ultra Soft Airfresh Material & a 360 Degree soft elastic band to keep your little one's delicate skin far from diaper rashes."", 'babyhug pro bubble care premium pant style diapers are made with a silky soft and breathable material best for your baby skin', '1. To wear - Pull up the diaper like pants. 2. To remove - simply tear off both sides and pull the diaper down.', 'UP TO 8 HOURS OF LEAK PROTECTION., COMFORTABLE FIT: Can be adjusted multiple times., SUPER-SOFT TOP SHEET: No rashes, redness or irritation., NO SIDE LEAKS: Standing leak guards prevent trickles along thighs., Available in sizes M, L, XL.', 'diaper small size, diaper bag, diaper for new born baby, diaper nb', 'Soft elastic and no tapes makes it easy to fit and stay gentle on skin Breathable material that keeps the baby fresh and comfortable', 'Soft easy-to-fit design offers care and comfort to your baby; silky soft inner layer for soft & sensitive skin', 'REUSABLE & WASHABLE : These cloth diapers are washable. You can wash the out cover along with the inner soaker pad in a washing machine or hand wash them. These can be reused for years.', 'Pocket Button Diapers can easily lasts 2-3 hours for an average and can be over 300+ times due to high premium quality material being used., Special pocket opening design for easy to insert diapers. Reusable, easy to wash and dry quickly. Diapers are lightweight and soft, perfect for baby activities.', ""DESIGN FOR COMFORT: Toddles diaper pants feature a U-shaped ergonomic design that prevents heaviness and sagging, ensuring a snug fit and maximizing your baby's mobility., TOP SHEET: Crafted for kids, our diapers feature a distinct Zig-Zag top layer and a top sheet composed of Non-Woven Polypropylene. This special design helps the diaper soak up liquids effectively., SUPERIOR LEAKAGE PROTECTION: Our diaper pants for babies incorporate a 3D leak guard that offers extra protection against leaks., SOFT AND BREATHABLE: The diapers are made from soft and breathable materials to protect your baby's sensitive skin, and they also have good elasticity for a comfortable and flexible fit, QUICK ABSORPTION: We have a special blue ADL that quickly soaks up liquids. This layer works together with the absorbent pad to keep your baby dry and comfy, EASY TO PULL AND REMOVE: Toddles diaper pants are easy-to-pull-on and remove feature, diaper changes become a breeze, making your life as a parent stress-free"", '360° Comfort Fit: Comfort fit with stretchable elastic waistband that fits snugly to provide a no-leak promise., Super Absorbent Core: Advanced absorbent core with an ADL, (Acquisition Distribution Layer) quickly disperses and absorbs fluid, keeping your baby dry and fresh for longer., Cottony Soft: Made from premium, hypoallergenic materials that are gentle on your baby’s delicate skin., Barrier Cuffs: Minimises risk of leakage due to movement or diaper displacement., Breathable Top Sheet: Promotes airflow to help minimise the risk of developing a diaper rash or irritation, keeping your baby’s skin healthy.', 'Elastic Waistband, 12 hours, Soft and Comfortable Surface, 3d water Locking, Urine Manifestation, Breathable, No Chemical Composition, Extra Thin Core for Superior Absorbency, Double Leak Protection, Ultra Soft Airfresh Material, 360 Degree Soft Elasitic Band, Breathable fabric, Air circulation, Super absorbent polymers', '12 HOURS OF PROTECTION., UNDERWEAR-LIKE FIT: Easy-to-wear and cloth-like breathable., SOFT COTTONY TOP SHEET: Prevents chafing, redness and rashes., NO URINE SMELL: World-class odour-lock technology.', 'Super Absorbent Gel Core quickly locks fluids away and helps eliminates odour, Re-Fastenable tapes allows multiple adjustments, Straight channel inside for faster liquid acquisition and distribution, Wetness indicator indicates you to change the diaper, Soft cotton padding for comfortable feel', 'Breathable, Carefully Designed for Comfortable Sleep, Made with Gel Technology, Premium Quality Diapers for Superior Comfort and Protection, Multi-layer Design for Optimal Leakage Protection, Advanced Moisture-Lock Technology for Long-lasting Dryness, Hypoallergenic and Dermatologist-tested for Gentle Care, Flexible Waistband and Adjustable Fasteners for a Secure Fit, Easy-to-tear Sides for Hassle-free Removal', 'Easy-to-tear Sides for Hassle-free Removal, Flexible Waistband and Adjustable Fasteners for a Secure Fit, Hypoallergenic and Dermatologist-tested for Gentle Care, Advanced Moisture-Lock Technology for Long-lasting Dryness, Multi-layer Design for Optimal Leakage Protection, Premium Quality Diapers for Superior Comfort and Protection, Made with Gel Technology, Carefully Designed for Comfortable Sleep, Breathable', 'Cottony Soft Material Pack, upto 12 hrs Absorption, Baby Dry Pants Super Soft', 'super soft 3-D Bubble', 'WETNESS INDICATOR which will turn into Blue to alert Diaper Change is needed, Air flow material which provides your baby a very Fresh feel, Double layered side strips for Extra protection from side leakage, 3D Diamond Cross Core absorbent sheet spreads the liquid 8 glasses of urine uniformly (1 glass = 40ml)', 'Leg cuffs ensure good fit & greater leakage protection', ""The extremely soft materials used in NETURA baby diaper pants gently touch your baby's sensitive skin and offer not only protection, but also a comfortable experience for your little bundle of joy. Interlocking channels with the ADL sheet improve absorption and prevent leaks, keeping your child dry and happy.."", 'COMFORTABLE HIGH-QUALITY DIAPERS: Our disposable pant-style diapers used by parents in 60+ countries are super-soft and breathable to keep your baby happy and healthy!, PULL UP & DOWN DESIGN: The training pants are flexible, thin and easy to pull up and down for comfort. Our diapers are designed to make potty training easy., SUPER ABSORBENT MOISTURE CHANNELS: Our premium diapers come with a high absorbency core that can stand multiple wettings., BREATHABILITY: Our diapers are gentle, breathable, and sustainable for all-round comfort. The new and improved super soft breathable outer layer promotes air circulation to prevent rashes and redness on your baby’s skin., NO LEAKAGE & DRIES QUICKLY: The top-dry system with an absorbent ensures the fluids spread evenly, and dries quickly. Owing to the absorption quality, our diapers are suitable for overnight use too.', 'Triple lock side cuffs prevents side leakage', '12 HOURS OF PROTECTION, UNDERWEAR-LIKE FIT: Easy-to-wear and cloth-like breathable, SOFT COTTONY TOP SHEET: Prevents chafing, redness and rashes, NO URINE SMELL: World-class odour-lock technology, NO SIDE LEAKS: Standing leak guards help avoid trickles, ANTI-BACTERIAL: No rashes and infections., Available in sizes: M, L, XL, XXL. Proudly made in India.', 'waterproof, washable, reusable, ULTRA SOFT, SKIN FRIENDLY', 'New Underwear Like Shape, Additional Supporting Elastics, Slim Core, Soft Material, Advance Leakage Proctection, Highly Absorbent Core', ""Anti Rash – India's only diapers containing Lotion with Aloe Vera that prevents rashes"", ""The breathable materials used in Fixel baby diapers ensure that your baby's delicate skin stays fresh and dry, minimizing the risk of irritation or discomfort. The snug fit of these diapers maximizes mobility, allowing your baby to move freely and comfortably throughout the day."", 'Skin Protection: Contains Lotion, Keeps Baby Skin Fresh With Breathable Soft Belt And Cuffs, Comfortable Fit With Flexible Waistband', ""Soft & breathable material which helps protect baby's sensitive skin. Super stretchy flexible elastic adapts to the baby's waist to give a comfortable fit. Anti-rash & gentle that prevents risk of diaper rashes."", 'Breathable cloth-like embossed top sheet with high absorption capacity., Super Soft elastic Waistband., Rapid absorption layer that ensures dryness for longer time., Anti-Bacterial feature so baby is Rash-free., Wetness Indicator., Baby diaper pants Extra Large size are ideal for babies of weight ranging from 13 to 17 kilograms', 'Store in Hygienic, Cool and Dry Place, Maxi Absorption with less bulky discomfort caused by thick napkin.', 'NAVEL PROTECTION: Allows airing of the sensitive navel region to promote healing., SUPER-ABSORBENT: Locks wetness away from the skin., LEG LEAK GUARDS: To prevent any side leakage., REFASTENABLE TAPES: Adjust the fit as often as you like., ANTI-RASH, ANTI-BACTERIAL: No more rashes, skin irritation, germs or bacterial infections', 'Three rows of adjustable snaps to allow for a small/medium/large size in one cloth diaper, fit newborn infants to toddlers', 'Diapers are made from soft materials such as cotton', '360 degree soft elastics fit your baby’s body perfectly while offering free movement., Fluid Distribution channels that helps to distribute fluid evenly through-out the diaper., Double leak protection helps prevent leakage., Soft Cotton like material is comfortable to your baby., Wetness Indicator which changes colour and alerts you when diaper is wet', 'REUSEABLE , WASHABLE', ""Great Absorbency for Dryness, Protects Baby's Skin, Helps Baby to Move Freely, Keeps Baby Dry even Under Pressure, Hypoallergenic Lotion with Aloe Vera Extract, Expands and Contracts for Comfortable Fit, Magic Core, Reduces Diaper Rashes"", 'Breathable cloth-like embossed top sheet with high absorption capacity., Super Soft elastic Waistband., Rapid absorption layer that ensures dryness for longer time., Anti-Bacterial feature so baby is Rash-free., Wetness Indicator., Baby diaper pants Large size are ideal for babies of weight ranging from 9 to 13 kilograms', 'Premium Breathable Baby Diaper, Soft like Cotton, Super Absorbent Polymers, Prevents Leakage, Unique Wetness Indicator, Upto 12 Hrs Absorption Protection', ""Elevate baby comfort with Champs Pant Diapers: Innovative care for happiness and dryness, Crafted for delicate skin: Quality and comfort combined expertly in Champs diapers, Champs: Where innovation meets care for your baby's contentment, Discover the Champs difference: A commitment to keeping your baby comfortable, Trust Champs for happy, dry, and carefree moments with your little one"", 'Adult diapers for all day (upto 10-12 hrs) incontinence protection for both men and women., Provide advanced leakage protection, Super absorbent core made up of two layers of super absorbent pads convert urine to gel and provides top of the line urine retention., Extra locking layer locks the liquid immediately and keeps the user dry and clean and wetness indicator fades in colour when the diaper needs changing., Leg cuffs, elastic and refastenable side tapes provides a snug fit and ensures protection from leakage.', 'Provides a snug, flexible fit that moves with the baby, preventing leaks and ensuring comfort during active play, Extra barriers around the legs to help prevent leaks during sleep or playtime., Allows air to circulate, reducing the risk of diaper rash and keeping the baby’s skin healthy.', 'Wetness Indicator: Each diaper features a handy wetness indicator that changes color, alerting parents when it’s time for a change, ensuring your baby stays dry and comfortable., Lotion with Aloe Vera: MamyPoko Pants S size diapers contain a special lotion with aloe vera, which helps protect your baby’s delicate skin from irritation and rashes., Flexible Fit: The soft, stretchy sides of MamyPoko pants provide a flexible fit, allowing the diaper to adapt to your baby’s movements, offering both comfort and freedom during playtime., Quick Absorption Layer: The advanced quick absorption layer helps lock in moisture swiftly, ensuring your baby stays dry even overnight, providing peace of mind for parents., Lightweight and Slim Design: The lightweight and slim design of these baby diapers ensures that your baby feels comfortable and unencumbered, allowing for easier movement.', 'BUBBLE LAYER TECHNOLOGLY PROVIDES QUICK ABSORPTION AND KEEPS BABY DRY UPTO 12 HOURS', 'Trusted Baby Daiper', ""1. Pull the leakage guards upright\n2. Donot fold the leakage guards outwards.\n3. Adjust tape to fit baby's body."", 'WETNESS INDICATOR', 'UP TO 8 HOURS OF LEAK PROTECTION., FITS LIKE UNDERWEAR: Breathable and easy-to-wear., STRETCHY WAISTBAND: No red marks from tight-fitting diapers., GENTLE TOP SHEET: No rashes and irritation., Available in sizes M, L, XL.', '12 HOURS OF PROTECTION, UNDERWEAR-LIKE FIT: Easy-to-wear and cloth-like breathable, SOFT COTTONY TOP SHEET: Prevents chafing, redness and rashes, NO URINE SMELL: World-class odour-lock technology, NO SIDE LEAKS: Standing leak guards help avoid trickles', ""Absorbent Core: The core of the diaper is typically made of superabsorbent polymers (SAP) and cellulose fibers, designed to quickly absorb and lock away moisture, keeping the baby's skin dry., Softness: This diaper is known for its gentle texture, making it suitable for use on sensitive skin or delicate surfaces."", 'Extra Dry Layer, Best Pampers for protecting New Born baby skin with 5 star skin comfort, All night absorbency, Soft stretch waist and sides, 20% more absorption, hence no wetness-keeps baby skin dry & protected, Soft like cotton', 'All-Round Protection, Lotion with aloe vera, Ultra-Absorb, Anti-rash', 'Coo Coo Baby Pullup Diaper Pants and CooCoo Baby Skincare Wipes', 'Anti-Rash Blanket, Keeps Baby Skin Fresh With Breathable Soft Belt And Cuffs, Skin Protection: Contains Lotion', 'his next generation Huggies product is India’s 1st Diaper Pant with unique Bubble-Bed Technology. Bubble wala Huggies has 3 unique features that provide ultimate care and comfort on all 3 sensitive areas –', 'Store in Hygienic, Cool and Dry Place', '1.Lasts for up to 12 Hours2.Easy to wear and remove pant style diapers3.Affordable diaper pants', 'Leak Guard, Wetness Indicator, Comfort Fit, Dual Core Padding, Re-Fastenable Tapes', 'Comfortable Fit With Flexible Waistband, Keeps Baby Skin Fresh With Breathable Soft Belt And Cuffs', '1.Lasts for up to 10 Hours 2.Easy to wear and remove pant style diapers 3.Affordable diaper pants', 'Extra Padding to prevent thigh leakage 6. 360 degree Soft Fit Waistband@ - Cushiony waistband to ensure a snug fit', 'Inner Leg Cuffs with Leak Guard provides better urine and faecal containment. Breathable textile Back Sheet feels cloth-like soft on the skin. Wear for a contoured, discreet, and snug-fit experience.', 'Underwear like Soft Elastic waistband - Provides a snug fit for your baby and looks like underwear., Protect Right Where Your Baby Needs It The Most - With an absorb-lock core., Brief-Like Leg Openings - Helps protect your baby against leakage and provide snug comfort like an underwear., Wetness Indicator - Marking face away or change its color when the diaper is fully wet.', 'Rash protection', ""PERFECT FIT: Our stretchable diapers come in easy-to-pull up and remove pant style that gives it a perfect fit., SKIN-FRIENDLY: Give your super cute baby's skin an ultimately comfortable experience with the diapers, which are free from chlorine bleaching, perfumes, lotions, parabens, and phthalates."", 'Upto 12 hours absorption helps your baby sleep with ease and comfort. Adl technology spreads fluid evenly and prevents heaviness.', 'First Pant Style for New Born, Naval Care Shape, Powerful Slim Core, Cute Design like Underwear, Top Sheet: Non Woven Polypropylene, Absorbent Pad: Paper, Pulp and Polymer, Back Sheet: Polyethylene, No Woven Polypropylene, Elastic: Polyurethane, Construction: Hot Melt Adhesive', ""1. Gentle on Skin diaper pants are made from extra-soft breathable materials, which makes them ultra-secure and gentle on the skin. \n2. Leak-Proof Cuffs: Leaf-proof design protects your baby from leakage, discomfort, and mess. \n3. Overnight Protection: The extra-long diaper pants capture and lock away all the moisture for up to 12 hours to give all-night protection to your baby. \n4. All-round comfort and fit: The easy-to-wear stretchy all-around waistband pant style diaper has super-soft inner and outer layers that provide a comfortable and flexible fit. \n5. Wetness Indicator: The wetness Indicator changes color to blue when it's time to change. \n6. Control Baby Rashes: These diapers are hypoallergenic and free from harsh substances like fragrances, parabens, and elemental chlorine, making them suitable for all skin types. They offer superior comfort and a rash-free experience."", 'soft dry long lasting, comfortable, strachable, super saver, Hygiene', 'soft dry long lasting, Ergonomic Design, strachable, super saver, Hygiene', ""U-shaped ergonomic design ensures a snug fit and maximizes. It helps prevent heaviness and sagging. Skin friendly breathable materials which are gentle on the baby's delicate skin and protect against rashes. Superior soft materials and wide elastic bands which ensure maximum comfort for the baby"", 'Himalaya Baby Small Size, Diapers Almost every baby will have diaper rash or diaper dermatitis before the age of three due to many contributing factors including poor quality diapers. It is estimated that 25% to 65% of diaper wearing infants are affected by diaper dermatitis, making it one of the most common skin conditions in babies. Increased wetness, the mixing of feces and urine, and a higher skin pH can cause fecal enzyme and microbe activity, which can lead to severe diaper rash. Himalaya Baby Diapers, with its unique, soft and easy-to-fit design, is specially formulated to provide the greatest comfort and care to your baby', ""Great Absorbency for Dryness, Protects Baby's Skin, Helps Baby to Move Freely, Soft Stretch Waist and Sides for Superior Fit Comfort, Keeps Baby Dry Even Under Pressure, Hypoallergenic Lotion with Aloe Vera Extract, Expands and Contracts for Comfortable Fit, Magic Core, Reduces Diaper Rashes"", 'UNDERWEAR-LIKE FIT: Easy-to-wear and cloth-like breathable., SOFT COTTONY TOP SHEET: Prevents chafing, redness and rashes., NO URINE SMELL, ANTI-BACTERIAL: No rashes, infections or nasty odours., NO SIDE LEAKS: Standing leak guards help avoid trickles., Friends Adult Diaper XXL size in pant style with 10 hours of protection are also available in sizes M, L and XL.', 'COMFORTABLE TO GOOD FEEL FOR ADULTS', ""Gentle on Skin: Niine diaper pants are made from extra-soft breathable materials, which makes them ultra-secure and gentle on the skin., Leak-Proof Cuffs: Leaf-proof design protects your baby from leakage, discomfort, and mess., Overnight Protection: The extra-long diaper pants capture and lock away all the moisture for up to 12 hours to give all-night protection to your baby., All-round comfort and fit: The easy-to-wear stretchy all-around waistband pant style diaper has super-soft inner and outer layers that provide a comfortable and flexible fit., Wetness Indicator: The wetness Indicator changes color to blue when it's time to change."", '""ComfortGuard: Ultimate Protection for Adults"", Choose Ezoyplus Adult Diapers for reliable protection that adapts to your lifestyle—keeping you comfortable, confident, and worry-free!, Order now and experience the difference!', 'Anti Bacterial', 'PANTS WITH BUBBLE-BED', 'No of Diapers Per Pack refers to the total number of diapers available in a pack. For example if a pack is having 20 Diapers then, no of diapers per pack is 20. And if there are 2 packs with 20 in one pack and 30 in another pack then no of diapers per pack will . And if there are 2 packs with 20 in each pack then no of diapers per pack will be 33.', 'washable, reusable, adjustable cloth diaper', 'Extra Thin Core for Superior Absorbency, Double Leak Protection, Ultra Soft Airfresh Material, 360 Degree Soft Elasitic Band, Breathable fabric, Air circulation, Super absorbent polymers, Soft and Ultra thin fabric', ""Extra Thin Core designed to give Superior Absorbency and keep your Little Angel's skin Dry all day long. It is made with Ultra Soft Airfresh Material & a 360 Degree soft elastic band to keep your little one's delicate skin far from diaper rashes. The advanced double leak protection has made it the most preferred diaper pants, All the above features ensure dryness that lasts up to 12 hours which means a night's sleep for both mother and baby."", 'Super soft 3-D Bubble.', 'Elastic Waistband', 'Upto 4x faster absorption, Our Best Ever Diaper Pants', 'Advanced design & shape makes the diaper fit you just like your underwear., Fluid Distribution channels that helps to distribute fluid evenly through-out the diaper., Double leak protection helps prevent leakage., Soft Cotton like material is comfortable to your baby., Wetness Indicator which changes colour and alerts you when diaper is wet.', 'Ideal for babies with weight between 9-14 kg, Size: L (216 Count)', 'No of Diapers Per Pack refers to the total number of diapers available in a pack. For example if a pack is having 20 Diapers then, no of diapers per pack is 20. And if there are 2 packs with 20 in one pack and 30 in another pack then no of diapers per pack will . And if there are 2 packs with 20 in each pack then no of diapers per pack will be 26.', '360 degree soft elastics fit your baby’s body perfectly while offering free movement., Fluid Distribution channels that helps to distribute fluid evenly through-out the diaper., Double leak protection helps prevent leakage., Soft Cotton like material is comfortable to your baby, Wetness Indicator which changes colour and alerts you when diaper is wet.', ""Absorbency: It has the ability to quickly absorb liquids, which makes it useful for tasks like wiping surfaces or cleaning up spills., our diapers have breathable outer layers that allow air to circulate, keeping the baby's skin dry and reducing the risk of rashes."", 'ANTI RASH, ANTI BACTERIAL WITH ALOE VERA EXTRACT, KEEPS BABY SKIN SOFT AND DRY', 'Powered by natural antirash shield: Indian aloe and yashad bhasma (zinc oxide) (that prevent risk of diaper rash), Soft easy-to-fit design offers care and comfort to your baby, silky soft inner layer for soft and sensitive skin, Breathable fabric ensures proper air circulation and leak-proof soft elastic edges prevent leakage, Instructions Included ; Type: Pants Style Diapers, The diaper should be checked and changed at regular intervals', 'No of Diapers Per Pack refers to the total number of diapers available in a pack. For example if a pack is having 20 Diapers then, no of diapers per pack is 20. And if there are 2 packs with 20 in one pack and 30 in another pack then no of diapers per pack will . And if there are 2 packs with 20 in each pack then no of diapers per pack will be 27.', 'LEAKPROOF:- There is nothing to worry about leakage with the double and bubble layer cuff used in the Jaicox diaper that snugly fits your baby without any discomfort., WETNESS INDICATOR:- Wetness indicator turns from yellow to blue indicating it is time to change a diaper., SOFT ELASTIC BAND:- Jaicox Diaper pants can be stretched easily due to their soft elastic band on the waistline. It facilitates an easy-wearing experience without leaving any marks.', 'Aloe Vera and Yashada Bhasma, Super Absorbent Polymer (SAP) layer, Cellulose', 'WASHABLE , REUSABLE , BUTTON CLOTH DIAPER', '1. To wear - Pull up the diaper like pants. Blue Lines in front\n 2. To remove - simply tear off both sides and pull the diaper down.', 'Triple Lock Guard, 360° Ultra Softness, The Double Layered Side Walls, 5D Embossed Cross Core', 'Ideal for babies with weight between 18-35 kg, Size: 3XL (48 Count)', 'WaBand : 360° Super Soft & Perfect Fit.', 'SAFETY AND COMFORT', 'Store in a cool & dry place', 'The diaper features a super stretchy waistband that adapts to the baby’s movements, ensuring a snug fit without restricting their comfort., Long-Lasting Dryness: The core of the diaper contains a super absorbent gel that locks in wetness, keeping the baby dry for extended periods, even during overnight use., The diaper is equipped with odor-neutralizing technology that helps manage unpleasant smells, keeping the baby fresh and comfortable.', '12 HOURS ABSORPTION', 'Umbilical Cord Protection, Bubble Layer Tecnology, Silky Soft Material, Shea Butter Protection, Leak Proof Design, Pro 12 Hrs Dryness, Wetness Indicator, Acquisition Dispersal Layer, Premium Diaper', 'diaper', 'REUSEABLE , WASHABLE ,, pure cotton, free size adjustable', 'Stock up on these Huggies diaper pants to keep wetness and irritation at bay, and ensure that your little one remains comfortable all day long. While its Cushiony Cotton Soft Material is appropriate for your baby’s delicate skin, its liquid-absorption capability will keep moisture away, keeping your baby comfortable for many hours. Cushiony Cotton Soft Material Cotton is known for its softness and durability. Thanks to its cushiony cotton soft material, these diapers are ideal for your baby’s skin. Outstanding Absorption for up to 12 Hours These diapers can absorb fluids for up to 12 hours, keeping your baby happy and comfortable for hours at a stretch. Advanced Dry Touch These diapers will keep your little one dry all night, all thanks to its Advanced Dry Touch feature. Super-stretchy Material These diapers are made of a super stretchy material that ensures the perfect fit. Double Leakguard Drop all your worries about leakage as the Double Leakguard effectively tackles leakage.', '""The rapid distribution layer in Teddy Baby Easy Diaper evenly distributes the liquid while the leak-proof soft elastic edges prevent leakage. "", ""It\'s breathable cloth-like embossed top sheet cover ensures proper air circulation which prevents stuffiness "", The Teddy Baby easy diaper specially design for Indian body type', 'Side tapes that can be removed & re-attached to attain best & comfortable fit, Cloth like back sheet-softer feeling, no skin rashes, Lotion with Aloe to help protect skin, Magic Gel that gives up to 10 hours dryness, Jumbo pack gives best per diaper value', 'Rash free', 'soft dry long lasting, comfortable, durable', 'Ideal for babies with weight between 9-14 kg, Size: L (108 Count)', ""About Chuchumama Gentle Baby Wipes: Infused with the goodness of Lavender and Indian Lotus extracts, Chuchumama Baby Wipes are mild enough to soothe baby's bottom during a diaper change. Our wipes can also be used to gently cleanse baby's skin. Ideal for use when traveling. Features & details Wipe gently with the"", '1. To wear - Pull up the diaper like pants.\n2. To remove - simply tear off both sides and pull the diaper down., Packaging of the product is changed it is no Coming in 18 pads. New packaging is of XXXL 18']"
48,Design,94,22.55421686746988,"[None, 'Marine life imprint', 'Doodle Design', 'Diaper Pants', 'Animal', 'A distinct Zig-Zag top layer', 'Solid', 'NA', 'ANIMAL', 'PANT STYLE', 'Classic Soft with Diamond Channels', 'Moon, Stars', 'Crisscross Background with Mamypoko Logo', 'Printed', 'Pant style', 'LOVE', 'No', 'Baby imprint', 'Modern', 'Baby', 'Animal Imprint', 'smooth, soft, elastic, stretchable, high absorbed', 'PANTS', 'Plain', 'PANT', 'no', 'WHITE PLAN', 'standard', 'Our pants with fun exterior graphics, fun designs and characters ensure you enjoy with your baby', 'WHITE', 'Small size', 'Pant Style, Elastic Waistband', 'Animal Print', 'KID', 'Multi Color', 'new', 'Crisscross absorbent sheet', 'Pull Up Diaper', 'cris cross', 'soft, high absorbent, comfy', ""India's Fastest Absorbing Diaper"", 'l size', 'Ultra Soft', 'MOON STARS', 'Yes', 'PANT TYPE', 'Moon', 'Plain Solid Colors', 'Dolphin', 'Crisscross Background with BABLU DABLU Logo', '3D', 'Adult Diaper Pull Up', 'Tape Adults', 'Cute Baby Designed Pack', 'diaper pants', 'All round Protection Pants', 'CUTE BABY DESIGN', 'Poko Chan', 'LARGE', 'Baby Design', 'COTTON', 'Fun Pattern', 'Baby Animals, Stars, Moons, Dragons', 'Pant Type', 'Cartoon Design', ""Pants Style Design: These diapers are designed in a convenient pull-up style, making them easy to put on and remove, perfect for active babies., 360° Stretchy Waistband: The elastic waistband ensures a snug and comfortable fit around the baby's waist, allowing flexibility for movement and preventing gaps that could cause leaks., Soft, Breathable Material: The diapers are made from soft, breathable fabric that helps circulate air, reducing the risk of rashes and keeping the baby’s skin fresh and dry., Double Leak-Guard Barriers: Designed with double leg cuffs to prevent leaks, especially around the leg area, ensuring all-around protection during both day and night., Cute Baby-Friendly Prints: These Pampers diaper pants feature fun and colorful baby-friendly prints, adding an appealing touch to the design."", 'Premium Care Pants', 'BUBBLE SOFT COTTON', 'Baby Diaper', 'Adult Diapers', 'for adults', 'Altra Soft', 'Pant Style', 'Multi color', 'floral', 'Large size', 'hygienic, leak proof design, soft and gentle diaper material, Honeycomb design', 'honey comb, leak proof design, soft and gentle diaper material, Comferable', 'Multicolor', 'Solid Colors', 'GENERAL DESIGN', 'PLAIN', 'COLOURED', 'N/A', 'VELCRO STRAP', 'TAPE STYLE', 'pants', 'Pants Style', 'Cartoon', 'SOLID COLOURS', 'CARTOON, SHAPE, HEART, FLORAL, BABY', 'baby', 'soft and gentle diaper material, Leak proof Technology, Wetness Indagator, Honeycomb design, hygienic', 'Animated', 'WONDER PANTS']"
47,Convenience and Safety,56,19.566265060240966,"[None, 'Disposable Diaper', 'Leak-proof Design, Ultra-soft Material, Newborn Comfort', 'Disposable', 'Disposable and anti rash', 'easy to wear', '9-14 kg', 'Keep Dry', 'Anti-rash', 'disosable', 'Polypropylene and stretch film, pH-sensitive material, Soft, fluffy fibers that are derived from wood pulp to help absorb liquid, Ensures a secure hold and customizable fit.', 'disposable', 'ADL technology spreads fluid evenly and prevents heaviness, Wetness indicator turns from yellow to blue indicating it is time to change diaper, Trickle side cuffs act as leakage guard, Front side indicator ensures correct fitment for your baby, Breathable material makes it skin friendly and avoids rashes', 'DISPOSABLE', 'Pant Diapers', 'Disposable, Anti-Rash', 'The packaging of the delivered product may vary slightly from what is shown in the image', 'Anti-Rash', 'Disposoable, Breathable, Anti Rash', 'Disposable diapers are a great convenience in the modern world', 'Keep in cool and dry place; Do not flush diaper; Keep plastic bags away from children', 'Do not flush diaper keep Plastic bag away from childern.', 'Cottony Soft biodegradable diaper with Diaper change indicator', 'NOT APPLICABLE', 'Advance Gel, Multilayer Leak Guard, Disposable', 'Leakage proof & Easy Disposable', 'Easy Self Wear', 'Anti Rash diapers, Lotion with Aloe Vera', '1. Position the diaper pants with blue indicator facing front\n2. Adjust from the crotch/pelvic region and sides for a comfortable fit.\n3. For disposal, tear open the diaper from side seams.', 'Easy to wear', 'ANTI-RASH : Cloth Diapers are made with breathable and skin-friendly material. It does not obstruct air from entering the skin and lets your baby skin breathe freely and does not irritates baby.', 'Reusable Nappies Inserts, Highly Absorbent Diapers, Wet-free Diapers Inserts', 'Reusable Nappies, Highly Absorbent Diapers, Adjustable & Reusable', 'disposable and anti rash', 'Disposable Baby Diapers Pants', 'Soft Best for Baby, Advanced Dry Touch Sheet, Cottony Soft, upto 12 hrs Absorption, Prevents Thigh Gaps, Stretchable Thigh Support, Prevents Redness, Easy To Wear', 'Disposable, air fresh', 'disposable diaper', 'It is durable and ideal for your baby’s delicate skin.', 'Disposable, Anti Rash', 'Very Convenience', 'Extra Dry Layer, Prevents Leakage and Skin Irritation, Prevents Urine from Coming Back to the Top Sheet', 'Mee Mee Baby Diaper for your little one, Soft like Cotton and Comfy for Baby, MeeMee Soft and Ultra Thin Fabric for Babies, Super Absorbent Polymers, Air circulation, Leak-Proof Technology, Wetness Indicator, Breathable Fabric, 360 Degree Comfy - Strech Waistband, Stretchable support all over which prevents Leakage from high gaps and other places', 'Antirashes', 'Disposable diapers', 'Chemical Free', 'Disposable, Anti-bacterial', '4-8 kg', 'Anti-allergic, Anti-Bacterial', 'ANTI RASH', 'Disposable , Anti- rash', '12 HOURS', 'yes', 'Adjustable Button Strap for Small-Medium-Large Sizes, Anti-Rashes Cotton Fabric', 'Up To 5 kg', 'eco friendly', 'Disposable, anti-rash']"
43,Label Size,53,15.80722891566265,"['Large', None, 'S-42', 'L', 'New Baby', 'S', 'M', 'XL', 'XS', 'Medium', 'NB', 'S 46', 'L 32', 'L-50PCS', 'MEDIUM', 'na', 'xxl', 'Small', 'L-62', 'LARGE', 'Small Diaper Pack of 1', 'Small-Medium-Large Sizes(0-24 Months)', 'L 34', 'XXL', 'xs', 'L-42', 'S-56', '4', 'L 48', 'm', 'S 84', 'New Born', 'XL 56', 'L-30', 'SMALL', '399', 's', '6.4', 'XL 52', 'Extra Large', 'L48', 'L 60', 'XXL-50 pcs', 'Extra Large - XL', 'S 56', 'Large Diaper Pack of 1', 'M 76', 'XXL 22', '5', 'NEW BORN BABY', 'M72', 'S 42', 'S-78X3', 'L 64']"
45,Series,69,10.843373493975903,"[None, 'Baby Diapers', 'S-42', 'Standard', '159753', 'wonder pants', 'Ultra soft', 'Wonder Pants Small Size Diapers Combo Pack', 'New Dry', 'Wonder pants large size diaper', 'Feather Diapers', 'PREMIUM CARE', 'L', 'Premium', 'Wonder Pants Large Size Diapers Combo Pack', 'Dry Pants', 'Huggies Nature Care', 'Babycare', 'WONDER PANTS', 'Dry pants', 'Baby', 'WOLVERINE', 'Wonder Pants', 'LUVLAP', 'pants diapers', 'Easy Dry', 'wonder pant', 'Baby Cloth Diaper', 'Wonder pants Extra large size diaper', 'Happy Baby', 'Huggies Playbox', 'L-62', 'Diaper Pants, Diaper, Baby Diaper, Disposable Diaper', 'Baby diapers', 'meduin 54x2 pcs pack', '100% Cloth Diapers Babies Washable & Reusable Leak Proofor Free Size Only Diaper', 'Classic', 'Baby Button Diapers', 'BABY DIAPER', 'Soft Baby Diaper', 'L-42', 'Wonder pants', 'Soft More Absorbent Diapers', 'Wonder Pants Medium Size Diapers', 'S-56', 'Diaper Pants, Cuddles, Diaper, Baby Diaper, Disposable Diaper', '0', 'Mee Mee Breathable premium baby diapers', 'Wonder Pants Medium Size Diapers Combo Pack', 'Premium Care Pants', 'Extra Dry', 'Wonder Dry pants Diapers', 'Everyday Pants', 'ECO', 'Wonder Pants Small Size Diapers', '64', 'baby', 'BABY DIAPERS', 'Wonder Pants Extra Large Size Diapers', 'Wonder Pullups', 'Wonder Pants Large Size Diapers', 'New Born', 'Wonder pants Medium size diaper', 'Underpads', 'Nature Care', 'Extra Absorb', 'Happy Skin', 'Wonder Pants Extra Large Size Diapers Combo Pack', 'Diaper', 'S-78X3']"
49,Character,32,3.8072289156626504,"[None, 'Butterfly', 'CHILD', 'Poko Chan', 'Rabbit', 'water proof reusable diaper', 'reusable diaper /nappe', 'Kids', 'Chhota Bheem', 'Baby Diaper', 'CHILD, BABY', 'Lovely Baby', 'NA', 'Babys', 'Duggu', 'Button Snap Reusable Plain Solid Diapers', 'FISH', 'Baby', 'Baby Dry Pants Super Soft', 'CUTE BABY DESIGN', 'Baby reusable washable diaper', 'Little Angle', 'Dragons', 'Premium Care Pants', 'Boys & Girls', 'BABY DIAPERS', 'Winnie the Pooh', 'Large Size Premium Feather Diaper', 'PokoChan', 'Pampers Dipers', 'Pokochan', 'cloth diaper', 'baby']"
50,Age Group,2,0.09638554216867469,"[None, '5 - 12 Months', '9 - 24 Months']"
